file_size_kb,ext,double_ext,entropy_proxy,write_count_last_min,rename_flag,non_printable_pct,label
240.747,docx,0,8.0,8,0,8,1
118.711,xls,0,5.619,2,1,49,1
86.097,xls,0,7.875,9,1,3,1
242.485,pptx,0,3.708,2,1,10,1
104.491,dll,0,8.0,3,0,96,1
436.317,enc,0,5.883,1,1,14,1
63.567,exe,1,6.912,0,0,87,1
402.858,exe,0,8.0,0,0,100,1
162.864,bin,1,7.513,2,0,94,1
146.516,pdf,0,5.563,5,0,0,1
195.807,txt,1,6.322,4,0,64,1
107.47,enc,1,7.313,2,1,59,1
138.951,png,0,8.0,0,0,98,1
268.383,exe,0,4.937,5,0,29,1
107.175,dll,1,5.714,4,0,34,1
44.059,enc,0,5.047,9,0,7,1
306.556,dll,0,4.864,3,0,17,1
226.234,jpg,0,5.052,5,0,27,1
492.747,enc,0,7.124,7,0,3,1
143.933,dll,0,7.771,6,0,34,1
376.412,dll,0,8.0,8,1,85,1
100.338,dll,0,4.266,3,0,8,1
194.937,xls,0,8.0,4,1,100,1
62.162,txt,1,6.9,1,0,45,1
323.614,exe,0,7.332,7,0,34,1
91.191,exe,0,3.707,7,1,28,1
160.719,png,0,7.938,4,0,18,1
293.628,pptx,0,4.534,3,1,18,1
179.643,exe,1,4.277,8,0,27,1
153.683,exe,1,5.161,7,1,0,1
153.26,txt,0,3.291,7,0,4,1
276.185,xls,1,6.451,1,0,4,1
273.436,png,1,7.881,5,0,86,1
985.16,enc,0,8.0,8,0,16,1
147.875,enc,0,7.634,2,1,90,1
492.189,dll,0,5.618,1,1,20,1
287.713,pptx,0,8.0,0,0,18,1
83.303,dll,0,6.091,3,1,47,1
99.522,dll,0,6.303,7,1,60,1
335.754,dll,1,5.193,9,0,14,1
51.147,exe,0,6.177,5,1,2,1
167.59,exe,1,8.0,3,0,100,1
771.722,docx,0,6.738,2,0,36,1
112.183,pptx,0,8.0,4,0,98,1
28.783,dll,0,3.531,9,0,49,1
109.426,jpg,0,8.0,10,0,30,1
190.695,dll,0,4.498,4,1,12,1
86.71,pdf,0,4.58,5,1,36,1
105.167,enc,0,8.0,5,1,21,1
12.485,enc,0,3.734,3,0,92,1
349.538,pdf,0,8.0,6,0,100,1
196.066,xls,1,7.234,5,1,63,1
133.739,pptx,1,5.388,0,0,41,1
119.782,dll,0,4.461,1,1,27,1
246.014,exe,0,4.703,5,0,18,1
587.76,xls,0,8.0,8,0,57,1
732.273,enc,0,6.204,3,0,37,1
83.585,dll,0,8.0,4,0,84,1
308.285,dll,0,5.398,6,0,5,1
316.449,bin,0,4.286,7,0,14,1
752.417,xls,1,8.0,3,0,48,1
137.962,pptx,0,3.447,9,0,7,1
41.186,png,0,2.644,5,0,1,1
138.277,enc,0,5.16,11,0,5,1
208.769,dll,0,5.665,3,1,4,1
75.109,pptx,0,8.0,5,0,60,1
94.229,bin,0,7.419,4,1,9,1
838.636,exe,0,8.0,3,0,26,1
272.677,pdf,0,4.83,6,0,5,1
197.081,dll,0,5.856,7,1,13,1
460.304,enc,1,4.745,1,1,1,1
151.73,pdf,0,7.122,5,1,18,1
33.724,enc,1,5.069,2,0,71,1
32.384,docx,0,4.61,8,1,0,1
742.851,exe,0,5.316,10,1,29,1
165.193,jpg,0,3.577,3,0,11,1
167.11,docx,0,5.337,11,1,28,1
32.314,exe,0,6.166,5,0,9,1
124.837,bin,1,8.0,0,1,90,1
879.525,txt,0,8.0,8,1,14,1
97.775,dll,0,8.0,5,1,24,1
76.764,enc,0,4.728,6,0,44,1
138.346,png,1,8.0,4,1,41,1
228.146,bin,1,8.0,4,0,43,1
90.997,jpg,0,4.346,10,1,19,1
53.4,enc,0,7.885,8,0,86,1
53.374,exe,1,3.856,10,0,15,1
31.332,png,0,2.468,5,0,19,1
106.538,exe,1,7.127,5,0,97,1
186.142,xls,0,7.404,6,0,67,1
375.086,enc,1,5.223,4,0,4,1
415.854,docx,1,4.958,7,0,4,1
177.526,pdf,1,3.777,6,0,22,1
37.318,pdf,0,4.333,7,0,9,1
499.59,exe,0,6.479,7,0,8,1
80.452,bin,0,5.186,3,1,4,1
253.418,exe,0,4.426,0,0,17,1
160.421,png,1,8.0,2,1,50,1
252.377,pptx,1,8.0,10,0,100,1
24.784,exe,0,3.791,7,0,60,1
372.37,txt,0,7.272,1,0,69,1
257.928,txt,0,8.0,7,0,22,1
56.054,exe,1,7.853,3,1,42,1
277.226,txt,0,7.045,9,1,55,1
61.747,bin,0,8.0,8,0,7,1
546.045,pdf,0,8.0,7,0,1,1
122.324,dll,0,8.0,6,0,21,1
86.343,dll,0,3.941,6,1,24,1
297.238,exe,0,5.344,4,0,35,1
580.755,png,0,4.988,6,0,28,1
120.117,pptx,1,5.498,2,1,57,1
80.239,png,0,5.937,8,0,14,1
164.13,enc,0,4.155,7,0,18,1
308.745,xls,0,7.84,8,0,40,1
209.368,xls,0,4.08,4,1,16,1
279.07,exe,1,7.753,5,0,12,1
135.828,enc,0,8.0,9,1,70,1
248.876,dll,0,4.664,3,1,8,1
56.266,xls,0,6.253,0,1,7,1
53.027,exe,0,7.943,1,0,100,1
321.437,pptx,0,7.595,9,1,52,1
59.616,enc,0,7.604,9,0,87,1
234.567,enc,0,8.0,1,1,85,1
53.145,dll,0,3.725,5,0,1,1
208.695,enc,0,5.806,3,0,12,1
101.368,dll,0,3.144,10,0,13,1
548.475,jpg,0,8.0,7,1,49,1
165.003,dll,1,7.678,2,0,88,1
516.235,exe,0,8.0,4,1,42,1
412.491,txt,0,8.0,0,0,45,1
63.623,bin,0,8.0,3,1,100,1
74.503,png,1,4.847,0,0,41,1
405.217,exe,0,8.0,2,1,76,1
67.256,jpg,0,5.812,5,1,10,1
54.557,docx,1,3.103,2,0,24,1
445.247,pptx,0,7.077,4,0,17,1
73.173,exe,0,8.0,7,0,19,1
581.836,bin,1,4.431,7,1,1,1
371.854,dll,0,7.919,3,1,24,1
396.494,pptx,0,5.194,3,1,36,1
61.826,enc,0,4.339,0,0,10,1
721.821,pptx,1,8.0,5,1,100,1
126.258,txt,0,5.263,8,1,14,1
720.772,bin,0,6.412,6,0,43,1
295.038,docx,0,8.0,1,1,46,1
111.016,xls,0,8.0,1,1,100,1
71.254,txt,0,2.674,1,0,4,1
337.006,xls,1,6.817,3,0,32,1
182.146,enc,0,8.0,4,1,100,1
51.328,exe,0,5.816,7,0,10,1
172.516,exe,0,8.0,8,0,100,1
221.03,bin,1,5.077,8,1,16,1
127.341,dll,1,7.334,5,1,27,1
27.417,docx,1,5.801,8,0,48,1
79.598,dll,0,3.599,0,0,8,1
212.107,exe,0,4.419,4,1,26,1
93.255,bin,0,4.172,2,0,8,1
263.056,dll,0,7.366,3,1,21,1
1201.997,enc,0,6.544,3,0,2,1
20.169,exe,0,4.545,4,1,65,1
140.755,enc,0,4.077,8,0,31,1
237.129,pdf,0,8.0,0,0,27,1
140.456,exe,0,6.973,4,0,59,1
71.874,enc,0,7.946,6,0,61,1
815.446,exe,0,8.0,3,0,26,1
265.907,enc,0,6.382,5,1,20,1
94.408,docx,0,5.432,1,0,9,1
39.229,xls,0,5.639,4,0,61,1
23.526,bin,0,5.493,4,0,7,1
49.121,jpg,0,6.512,6,1,27,1
646.616,dll,0,7.463,8,0,62,1
193.697,pptx,0,4.394,6,1,20,1
261.691,txt,1,6.674,6,0,53,1
218.584,png,0,7.769,6,0,39,1
318.749,pdf,1,5.12,5,1,4,1
328.176,dll,1,7.709,4,0,32,1
31.819,dll,0,2.83,1,1,15,1
78.765,exe,0,7.048,0,1,12,1
174.101,xls,0,7.259,4,1,88,1
205.706,exe,1,8.0,0,0,99,1
505.729,dll,0,8.0,5,1,100,1
123.337,dll,1,4.054,6,0,33,1
249.784,docx,0,6.487,6,1,17,1
119.762,pptx,1,5.883,1,1,30,1
42.87,pptx,1,2.925,7,1,7,1
71.549,exe,0,8.0,3,0,30,1
11.757,bin,1,4.172,3,1,31,1
21.536,exe,1,5.678,7,1,27,1
585.706,enc,0,8.0,4,1,80,1
451.964,enc,0,4.286,5,0,18,1
112.675,bin,0,8.0,4,0,63,1
402.06,exe,0,5.734,5,1,35,1
107.94,exe,0,8.0,2,0,60,1
57.8,exe,0,5.308,3,1,48,1
104.114,exe,0,8.0,11,0,35,1
65.895,dll,0,6.409,3,0,98,1
86.419,docx,0,2.691,9,1,1,1
91.9,png,0,8.0,4,0,45,1
63.742,dll,0,3.823,7,1,28,1
46.424,pdf,0,2.892,1,1,22,1
46.503,exe,1,5.156,4,0,67,1
264.091,enc,1,4.616,11,1,22,1
172.784,txt,0,8.0,12,0,17,1
175.301,pptx,0,7.878,5,1,45,1
309.56,dll,1,4.169,6,1,6,1
39.866,dll,0,5.671,8,0,2,1
257.267,pdf,1,4.281,4,0,11,1
208.618,exe,0,8.0,0,1,58,1
62.737,exe,0,6.762,5,0,77,1
96.723,bin,1,4.526,8,1,17,1
55.35,enc,0,7.258,5,0,6,1
54.113,txt,0,5.933,5,0,14,1
159.642,pptx,1,8.0,6,1,1,1
357.718,txt,0,7.268,10,1,26,1
320.787,enc,0,8.0,8,0,48,1
90.752,dll,1,5.122,7,1,58,1
572.648,exe,1,4.916,10,0,12,1
348.799,jpg,0,8.0,9,0,72,1
383.392,dll,0,8.0,2,1,26,1
846.88,bin,0,4.889,8,0,13,1
103.737,xls,1,5.02,4,0,8,1
203.665,exe,1,8.0,1,1,80,1
427.047,jpg,0,5.968,2,0,47,1
353.321,enc,0,8.0,7,0,35,1
187.936,pptx,0,3.566,8,1,1,1
22.684,enc,1,3.33,5,1,10,1
529.867,enc,0,8.0,0,0,25,1
492.6,exe,0,8.0,4,0,91,1
192.775,png,1,6.639,2,1,60,1
239.074,exe,0,5.794,4,0,30,1
5.256,exe,1,2.067,2,1,2,1
251.962,enc,0,8.0,1,0,49,1
215.04,dll,1,8.0,7,0,54,1
71.463,dll,0,4.856,11,0,13,1
71.574,enc,1,2.779,5,0,9,1
169.635,exe,1,8.0,3,0,54,1
288.194,txt,0,5.065,4,0,39,1
321.563,jpg,0,8.0,4,0,1,1
203.014,dll,0,8.0,0,1,44,1
494.778,dll,0,5.697,6,1,15,1
256.733,txt,0,6.202,4,0,1,1
609.607,pptx,0,8.0,0,0,18,1
32.819,pdf,0,6.364,10,1,16,1
77.575,bin,1,3.482,0,0,25,1
226.001,png,0,5.891,2,0,35,1
424.33,pdf,0,6.11,2,0,30,1
221.548,exe,0,7.374,8,0,6,1
6.728,enc,1,3.156,3,0,55,1
216.024,enc,0,7.683,6,1,46,1
3.45,pdf,0,2.293,6,0,57,1
75.664,png,0,3.866,6,0,38,1
682.729,xls,0,7.025,7,0,38,1
90.821,dll,0,4.817,3,1,24,1
299.074,dll,0,6.68,6,0,42,1
75.01,png,0,2.795,5,1,13,1
347.394,enc,1,3.825,1,0,0,1
441.036,pptx,0,5.808,6,0,41,1
266.915,enc,0,7.67,3,1,63,1
44.769,enc,0,4.076,1,0,25,1
350.075,enc,0,8.0,7,0,40,1
367.659,dll,0,6.175,4,1,41,1
324.723,dll,0,8.0,4,1,33,1
251.713,docx,0,8.0,7,1,93,1
53.385,xls,0,3.015,5,1,1,1
390.671,jpg,0,8.0,0,1,88,1
103.752,docx,0,5.725,4,1,35,1
116.215,png,0,3.55,0,0,24,1
453.624,jpg,0,6.451,0,1,48,1
202.351,jpg,0,8.0,5,0,68,1
138.186,bin,0,4.001,5,0,29,1
276.972,dll,0,8.0,3,0,62,1
39.945,exe,0,2.988,6,0,12,1
65.489,bin,0,7.533,5,1,51,1
26.838,jpg,1,5.803,5,0,68,1
120.404,enc,0,7.039,5,0,12,1
243.477,bin,0,8.0,1,0,51,1
128.528,exe,1,4.39,8,0,13,1
186.772,txt,0,8.0,5,0,95,1
44.118,enc,0,4.465,6,0,59,1
289.571,bin,0,8.0,4,1,88,1
135.562,enc,0,4.102,1,1,2,1
153.586,enc,1,4.263,1,1,2,1
272.798,exe,0,4.35,1,0,18,1
124.738,dll,0,3.55,5,1,9,1
202.457,exe,0,8.0,9,0,40,1
125.866,pptx,0,7.567,6,0,64,1
387.381,dll,0,8.0,4,0,63,1
104.93,xls,0,7.176,7,1,94,1
93.64,docx,0,5.634,2,1,67,1
256.903,xls,0,5.12,3,0,16,1
612.904,jpg,0,4.696,3,1,1,1
239.971,dll,1,8.0,9,1,60,1
222.159,dll,0,8.0,7,1,76,1
498.841,enc,0,8.0,3,1,84,1
35.338,txt,0,4.412,10,1,25,1
104.394,pptx,1,4.555,4,0,30,1
66.85,dll,0,6.713,1,1,92,1
231.718,dll,0,8.0,8,1,33,1
156.219,enc,0,5.966,0,1,67,1
96.82,png,0,4.109,1,1,3,1
268.542,exe,0,5.931,7,0,53,1
196.986,enc,0,4.663,2,1,31,1
163.983,exe,0,5.51,6,0,4,1
62.55,exe,0,4.366,6,0,23,1
74.854,pdf,0,6.917,7,0,16,1
133.213,exe,0,8.0,3,0,53,1
317.528,enc,1,5.745,8,1,7,1
182.79,exe,0,8.0,3,0,100,1
296.706,xls,0,6.765,6,0,35,1
225.164,bin,0,8.0,5,1,77,1
176.941,pptx,1,8.0,4,1,9,1
186.346,docx,0,6.687,3,1,40,1
43.542,pdf,0,5.919,3,0,91,1
75.117,pdf,1,4.747,5,0,47,1
73.884,enc,0,4.088,1,1,30,1
316.699,enc,0,8.0,0,1,100,1
520.454,pptx,1,8.0,4,1,84,1
48.65,dll,0,6.505,6,0,7,1
202.105,docx,0,8.0,6,1,37,1
83.312,dll,0,6.705,6,1,90,1
25.401,enc,1,5.275,2,0,83,1
171.356,docx,0,5.851,0,0,62,1
202.725,txt,0,7.741,7,0,25,1
36.1,enc,1,6.316,4,1,61,1
220.213,bin,1,6.233,6,0,56,1
391.973,exe,1,4.279,14,0,8,1
433.827,jpg,0,4.612,11,1,24,1
24.118,dll,0,3.518,3,1,19,1
189.992,exe,0,6.726,9,1,60,1
176.852,dll,1,7.664,5,0,87,1
151.269,pdf,1,3.334,5,0,13,1
174.593,bin,0,4.69,2,1,5,1
108.607,dll,0,3.667,4,0,24,1
333.0,docx,0,8.0,4,0,18,1
136.476,dll,0,8.0,7,1,63,1
134.503,enc,0,8.0,6,1,6,1
68.837,enc,0,5.315,5,0,53,1
110.349,png,1,8.0,8,1,35,1
50.987,pdf,0,5.068,8,0,21,1
202.617,enc,0,3.826,8,1,19,1
72.265,exe,0,4.639,2,1,55,1
47.044,enc,0,3.02,6,1,18,1
716.467,png,1,6.787,6,1,32,1
233.878,pptx,0,3.82,3,1,9,1
167.576,txt,0,7.484,2,0,45,1
323.749,png,0,8.0,5,0,43,1
47.719,bin,0,5.691,9,1,66,1
44.617,enc,0,3.469,10,1,13,1
196.094,pptx,0,4.388,4,1,32,1
494.272,bin,0,5.687,6,0,7,1
426.619,pdf,1,8.0,2,0,62,1
163.034,pptx,0,5.961,5,0,24,1
215.489,dll,0,7.414,3,1,20,1
694.717,dll,0,7.489,0,0,12,1
167.317,png,1,3.904,8,0,18,1
56.249,dll,1,5.087,2,0,2,1
706.882,bin,1,8.0,2,0,98,1
49.288,enc,0,7.605,2,0,100,1
58.549,jpg,0,6.789,2,0,16,1
667.291,jpg,0,8.0,4,0,33,1
144.68,enc,1,5.929,6,0,34,1
261.249,pdf,0,7.14,8,0,40,1
318.023,dll,0,8.0,2,1,100,1
37.777,exe,0,4.909,4,0,82,1
127.85,pptx,1,6.445,6,1,46,1
153.025,dll,0,7.532,2,0,80,1
195.892,bin,0,3.701,0,0,2,1
268.283,enc,0,8.0,8,1,93,1
78.449,enc,0,6.434,1,1,27,1
28.287,pptx,0,6.439,4,1,92,1
92.96,txt,0,5.23,3,1,39,1
175.982,jpg,0,8.0,5,0,100,1
480.757,enc,1,8.0,13,1,24,1
55.601,dll,0,5.957,3,0,16,1
439.405,enc,0,5.007,1,0,20,1
44.197,dll,1,6.702,3,1,18,1
203.567,exe,0,8.0,6,0,78,1
53.622,enc,0,7.422,1,0,47,1
312.258,pptx,0,8.0,8,1,48,1
456.512,pdf,0,8.0,6,1,100,1
696.881,enc,0,8.0,7,1,12,1
1236.232,dll,0,4.501,6,0,8,1
173.112,pdf,0,6.092,4,1,47,1
44.704,pdf,0,5.941,1,1,63,1
133.873,exe,1,8.0,5,0,88,1
122.65,exe,0,8.0,8,0,78,1
105.112,jpg,1,6.684,0,0,77,1
53.463,enc,0,4.619,0,0,14,1
373.113,xls,1,8.0,7,1,100,1
490.507,bin,0,5.658,3,0,38,1
73.098,exe,0,4.965,3,0,37,1
66.231,dll,0,7.362,1,1,94,1
114.123,bin,0,6.596,2,0,13,1
402.176,docx,0,5.096,0,1,27,1
393.946,xls,0,8.0,9,1,73,1
354.807,pptx,0,4.989,4,1,20,1
522.869,enc,0,8.0,2,0,38,1
245.371,txt,0,8.0,5,0,100,1
212.47,enc,0,3.738,3,0,13,1
289.775,enc,0,8.0,5,0,81,1
77.657,bin,1,4.351,0,1,7,1
29.898,png,0,2.764,2,1,8,1
182.507,dll,0,5.423,5,1,10,1
49.401,enc,0,4.462,7,0,35,1
24.456,jpg,0,6.158,2,0,76,1
16.407,enc,0,2.343,6,1,30,1
38.899,exe,0,3.33,0,0,33,1
294.231,enc,0,6.13,0,0,28,1
141.364,pptx,1,6.069,2,0,59,1
12.035,dll,1,4.221,5,1,88,1
49.093,xls,1,4.947,4,0,61,1
174.804,docx,0,8.0,0,0,7,1
24.823,jpg,0,4.71,8,1,52,1
70.251,enc,0,5.158,10,1,14,1
300.175,xls,0,6.245,4,0,16,1
82.249,exe,0,2.98,2,1,15,1
73.845,pptx,1,8.0,2,0,81,1
107.701,docx,1,4.545,6,0,22,1
124.78,dll,0,6.63,5,0,74,1
181.017,xls,1,5.906,1,0,6,1
139.313,enc,0,8.0,7,0,100,1
78.033,dll,0,8.0,6,0,100,1
818.054,dll,0,7.198,8,0,13,1
38.602,pdf,1,6.274,4,1,100,1
39.618,xls,0,3.314,2,0,17,1
209.409,exe,1,8.0,1,0,98,1
59.817,jpg,0,6.41,2,0,46,1
116.795,pdf,0,5.764,5,1,65,1
86.138,exe,0,4.873,6,0,34,1
101.452,xls,0,3.311,5,0,12,1
59.043,png,0,3.886,7,1,33,1
138.494,xls,0,6.929,10,1,51,1
161.394,enc,0,3.064,4,0,9,1
206.649,txt,1,4.998,10,0,14,1
68.124,exe,1,2.807,12,0,2,1
228.428,exe,0,8.0,6,0,35,1
200.782,dll,0,6.299,8,0,64,1
125.427,exe,1,8.0,5,0,2,1
493.051,enc,1,4.036,4,0,10,1
152.479,exe,1,8.0,8,0,98,1
59.65,enc,1,6.892,0,0,78,1
41.637,docx,0,4.531,0,0,29,1
50.085,exe,1,6.804,5,0,17,1
114.045,dll,0,6.962,7,1,25,1
150.754,dll,0,7.477,1,0,88,1
206.561,enc,0,8.0,9,0,100,1
341.12,dll,1,8.0,1,1,33,1
107.416,exe,0,5.845,7,0,39,1
64.067,docx,1,3.014,12,0,14,1
84.778,exe,0,3.217,2,1,12,1
118.662,exe,0,6.046,5,1,40,1
177.123,pdf,0,7.487,9,0,18,1
75.772,enc,0,6.622,6,1,25,1
328.464,txt,1,8.0,1,0,52,1
68.497,exe,1,6.825,5,0,94,1
158.41,dll,0,4.441,2,1,34,1
82.714,dll,0,5.607,1,0,42,1
60.867,dll,1,8.0,5,0,100,1
101.51,bin,0,3.355,9,1,2,1
52.953,docx,1,7.588,6,1,5,1
7.351,png,0,1.279,2,1,8,1
374.749,exe,0,8.0,3,0,22,1
221.778,enc,0,5.665,0,1,49,1
67.326,pdf,1,3.327,2,0,7,1
9.437,exe,0,3.176,6,1,70,1
185.023,jpg,1,8.0,15,0,66,1
182.791,jpg,0,6.131,8,1,22,1
306.44,enc,0,7.228,8,0,52,1
20.458,jpg,0,5.346,8,1,55,1
418.772,exe,0,6.074,1,0,15,1
196.647,exe,0,4.408,4,1,13,1
662.76,dll,0,4.22,2,0,14,1
396.874,pptx,0,6.085,9,1,15,1
49.902,png,0,2.445,3,1,6,1
39.271,enc,0,5.119,1,0,10,1
92.637,docx,0,6.625,9,0,45,1
38.631,bin,1,3.067,4,0,22,1
122.838,enc,0,8.0,5,0,61,1
328.53,bin,0,8.0,0,0,96,1
777.713,dll,0,8.0,7,0,19,1
126.658,xls,0,6.385,4,0,53,1
183.243,exe,1,7.05,4,1,65,1
351.378,pdf,1,8.0,5,0,22,1
70.062,docx,0,3.078,0,1,2,1
63.243,bin,0,6.196,10,1,83,1
199.709,txt,0,8.0,8,0,31,1
571.742,png,0,8.0,6,1,33,1
178.541,exe,0,6.365,7,0,17,1
287.378,png,0,4.877,4,1,25,1
48.667,bin,1,4.269,0,0,38,1
78.044,enc,0,8.0,1,0,68,1
139.034,png,1,3.079,7,1,8,1
129.374,exe,0,7.806,6,0,60,1
684.942,dll,0,7.648,6,1,64,1
141.242,txt,1,7.061,6,0,14,1
159.932,docx,0,7.479,8,0,85,1
63.566,dll,0,6.325,5,1,26,1
353.096,dll,1,4.261,4,1,15,1
126.268,enc,0,7.835,6,0,30,1
600.997,exe,0,8.0,1,1,22,1
185.635,dll,0,4.999,7,0,39,1
20.701,exe,0,2.56,3,1,9,1
304.555,enc,0,8.0,3,0,87,1
230.222,jpg,1,8.0,2,0,20,1
1658.247,pptx,0,7.623,1,1,16,1
128.223,exe,0,7.181,7,1,32,1
50.621,bin,1,5.437,2,1,83,1
272.736,enc,0,8.0,4,0,5,1
339.558,docx,0,8.0,8,1,7,1
50.874,bin,1,5.19,10,1,8,1
83.051,enc,0,5.951,1,1,22,1
670.523,pdf,1,8.0,0,0,5,1
58.157,enc,0,6.037,4,1,77,1
311.15,exe,0,8.0,6,0,89,1
236.956,dll,0,3.782,6,0,8,1
90.835,exe,1,7.581,4,0,61,1
350.241,enc,0,8.0,4,1,27,1
192.757,dll,1,6.186,0,1,37,1
254.744,bin,1,5.08,4,1,2,1
434.078,dll,0,8.0,3,1,100,1
277.925,exe,0,3.685,7,1,0,1
193.705,pptx,1,3.905,7,0,2,1
63.413,enc,0,4.269,6,1,45,1
163.776,pptx,0,6.793,9,1,33,1
143.361,dll,0,7.252,9,0,6,1
191.184,dll,0,8.0,4,0,79,1
720.74,bin,1,4.497,2,0,3,1
19.42,enc,0,4.342,8,0,50,1
160.767,dll,0,8.0,2,0,26,1
196.668,png,0,7.565,8,1,2,1
220.438,jpg,0,3.68,5,1,6,1
213.387,exe,0,7.076,7,0,52,1
245.202,bin,0,5.482,6,1,26,1
225.411,pdf,1,5.721,4,0,47,1
199.024,txt,0,3.227,5,1,2,1
117.637,png,0,8.0,6,0,78,1
167.838,dll,0,3.089,10,0,6,1
49.423,pdf,0,6.133,7,1,22,1
110.586,txt,0,8.0,0,1,37,1
40.029,png,0,3.329,8,0,8,1
301.636,exe,1,4.108,4,0,17,1
187.171,txt,0,4.11,3,0,10,1
58.825,enc,0,6.719,1,0,56,1
224.753,txt,1,6.912,0,0,52,1
355.069,docx,0,8.0,7,1,45,1
137.959,txt,0,6.213,10,1,68,1
51.44,exe,0,4.789,4,1,61,1
121.552,dll,0,8.0,1,1,97,1
127.326,dll,0,3.174,4,1,7,1
11.131,exe,0,2.891,8,0,5,1
252.083,enc,0,4.095,7,1,6,1
73.924,docx,0,2.985,4,0,10,1
922.554,enc,0,8.0,5,1,39,1
294.586,bin,0,8.0,5,0,73,1
308.51,png,1,8.0,6,1,100,1
272.957,xls,0,8.0,1,1,26,1
427.002,dll,1,8.0,1,0,31,1
145.458,exe,0,5.392,6,0,24,1
241.078,jpg,1,4.298,1,1,11,1
150.633,enc,0,6.988,3,1,66,1
446.333,xls,1,5.143,6,0,17,1
337.632,dll,1,8.0,2,0,12,1
554.882,enc,1,7.087,3,0,8,1
489.049,enc,0,5.575,5,1,30,1
22.047,pptx,1,4.228,8,1,50,1
43.923,enc,0,2.7,6,1,13,1
122.727,docx,0,8.0,5,0,100,1
357.261,docx,0,5.893,0,1,44,1
19.581,dll,0,2.624,6,0,11,1
346.305,docx,0,6.515,0,0,58,1
71.765,enc,0,2.625,7,1,5,1
203.139,pdf,1,8.0,7,0,58,1
298.387,docx,1,8.0,4,1,3,1
1070.654,exe,0,8.0,6,0,65,1
109.592,txt,0,3.72,10,1,2,1
217.75,exe,0,5.462,4,1,14,1
447.32,bin,0,3.673,5,1,4,1
88.539,dll,0,6.299,4,0,80,1
90.195,exe,0,3.348,5,1,17,1
35.74,exe,0,5.141,8,0,52,1
232.031,dll,0,4.522,7,1,20,1
99.476,jpg,1,8.0,3,0,16,1
173.257,enc,1,4.721,0,0,7,1
113.637,pptx,0,8.0,6,0,66,1
247.664,pdf,1,6.827,3,0,57,1
144.033,dll,1,5.698,3,0,23,1
191.196,pptx,0,5.342,5,0,25,1
85.144,pptx,0,7.331,7,0,20,1
26.444,exe,1,4.822,8,0,8,1
317.102,dll,1,8.0,2,1,65,1
234.921,pdf,1,4.311,3,1,11,1
195.785,txt,0,8.0,8,1,89,1
273.595,pdf,1,8.0,5,1,63,1
54.477,enc,0,8.0,9,1,62,1
300.842,png,0,7.836,3,1,71,1
117.326,xls,0,3.589,3,0,24,1
68.125,exe,0,6.083,0,0,78,1
356.284,dll,1,8.0,3,0,35,1
156.854,exe,0,6.969,10,0,17,1
28.323,exe,1,3.801,9,0,31,1
232.509,dll,0,8.0,9,0,57,1
453.798,bin,0,8.0,3,0,42,1
56.971,enc,1,3.206,7,0,23,1
43.687,jpg,0,5.63,4,0,5,1
468.604,enc,0,6.284,6,1,42,1
667.249,pptx,0,8.0,2,0,17,1
378.572,dll,0,4.303,5,0,6,1
393.235,exe,1,8.0,2,1,13,1
117.03,enc,0,8.0,1,0,23,1
468.959,pdf,0,6.892,8,1,23,1
474.981,enc,1,8.0,3,1,51,1
780.991,jpg,0,7.533,5,0,50,1
425.906,pptx,0,5.332,4,1,36,1
319.977,png,0,8.0,3,0,29,1
424.506,enc,0,7.989,5,1,45,1
510.994,enc,1,8.0,7,1,13,1
338.87,bin,0,8.0,4,1,38,1
136.904,dll,1,8.0,5,0,85,1
137.765,exe,0,8.0,2,0,62,1
154.296,docx,0,6.334,5,0,33,1
55.526,dll,0,5.119,1,1,75,1
422.156,bin,0,5.459,5,0,14,1
846.769,dll,1,5.112,4,0,13,1
105.715,png,0,4.479,2,0,19,1
53.987,pdf,0,4.734,4,0,32,1
77.823,dll,0,6.147,0,1,67,1
91.332,docx,0,3.839,6,0,12,1
272.817,exe,0,8.0,11,1,64,1
118.471,bin,1,8.0,8,0,4,1
245.437,exe,1,8.0,4,0,65,1
213.32,txt,0,6.254,0,1,9,1
225.257,txt,0,6.535,5,0,47,1
55.484,exe,0,7.22,7,1,3,1
494.418,jpg,0,7.575,6,0,1,1
597.012,pptx,0,8.0,2,0,70,1
209.109,exe,0,8.0,7,0,84,1
401.95,xls,1,8.0,0,1,67,1
56.04,exe,0,3.632,11,0,27,1
104.239,dll,0,6.49,5,0,48,1
420.372,docx,0,8.0,7,1,74,1
87.866,pdf,0,6.872,0,1,91,1
30.451,pptx,0,2.305,2,0,12,1
318.154,txt,1,8.0,5,0,23,1
37.435,dll,0,6.251,1,0,42,1
271.516,exe,0,8.0,5,1,19,1
12.395,png,0,3.399,5,1,14,1
317.828,enc,1,6.955,4,0,18,1
163.956,dll,0,5.851,3,0,26,1
259.373,dll,0,4.158,4,0,18,1
37.96,exe,1,2.463,3,1,12,1
82.696,exe,0,6.821,4,0,92,1
170.172,exe,0,5.095,5,1,25,1
179.186,exe,0,8.0,6,0,82,1
75.832,enc,0,6.116,5,1,9,1
79.198,bin,0,7.995,2,0,78,1
192.83,enc,0,5.55,1,1,17,1
39.762,dll,1,3.705,10,1,17,1
328.374,exe,0,6.019,0,0,3,1
49.803,docx,0,6.929,5,1,69,1
260.285,enc,0,7.988,0,1,71,1
204.041,txt,0,8.0,0,0,23,1
593.369,pdf,0,8.0,1,1,2,1
60.624,bin,0,5.887,5,0,74,1
109.033,pptx,0,5.665,6,0,34,1
158.126,png,1,4.931,0,0,13,1
29.011,txt,0,2.301,3,0,12,1
432.163,png,0,8.0,0,1,66,1
67.408,exe,0,4.483,4,0,21,1
170.707,png,0,7.112,0,0,29,1
190.999,dll,0,8.0,5,0,100,1
64.214,bin,1,4.094,1,1,26,1
127.75,jpg,0,6.238,1,0,56,1
426.588,exe,0,8.0,3,1,100,1
19.125,dll,0,4.959,10,0,62,1
36.373,pptx,1,2.255,0,0,10,1
749.599,png,0,8.0,2,0,40,1
232.707,pptx,0,8.0,2,1,2,1
410.697,bin,0,6.461,2,0,30,1
20.682,dll,0,5.558,6,0,32,1
838.172,enc,1,8.0,1,1,100,1
264.404,exe,0,7.824,1,0,82,1
813.325,enc,0,8.0,4,0,79,1
150.343,xls,1,8.0,5,1,36,1
292.337,exe,0,8.0,7,0,11,1
464.156,pdf,0,4.109,4,0,9,1
185.513,exe,1,5.759,8,1,56,1
342.116,exe,1,7.089,6,0,24,1
445.601,exe,0,8.0,9,0,65,1
191.604,dll,0,3.416,6,0,6,1
213.704,dll,0,8.0,10,1,19,1
211.738,txt,0,3.484,4,1,3,1
316.842,docx,1,7.415,5,0,7,1
276.091,dll,0,7.648,0,0,48,1
668.285,dll,0,8.0,1,0,30,1
154.644,enc,0,4.876,2,1,15,1
129.162,dll,0,8.0,5,0,89,1
119.087,dll,1,4.28,8,0,23,1
102.938,dll,0,7.099,1,0,70,1
244.9,enc,1,8.0,7,0,59,1
883.757,xls,0,8.0,10,1,13,1
230.606,txt,0,5.624,0,0,37,1
205.226,docx,1,7.505,7,1,6,1
99.662,jpg,0,5.513,6,0,49,1
49.926,dll,0,2.643,5,0,14,1
171.123,jpg,0,8.0,4,0,8,1
331.7,dll,0,8.0,0,0,86,1
258.271,enc,0,4.951,6,0,35,1
232.229,pdf,0,8.0,4,1,13,1
249.476,docx,0,8.0,4,0,14,1
51.634,dll,0,2.529,7,1,5,1
345.288,txt,0,3.934,6,0,17,1
130.452,dll,0,7.573,9,0,92,1
406.517,dll,1,4.273,4,0,15,1
225.009,txt,1,3.905,6,0,18,1
51.847,xls,0,4.95,1,0,40,1
354.97,pptx,0,8.0,4,0,59,1
486.279,exe,0,4.4,9,1,6,1
32.859,pdf,0,3.702,6,1,34,1
538.962,enc,0,5.649,1,1,33,1
357.579,dll,0,8.0,5,0,100,1
126.791,dll,1,8.0,5,1,88,1
393.438,enc,0,7.954,7,1,59,1
243.714,dll,0,8.0,8,1,42,1
47.046,dll,1,3.839,2,0,38,1
120.004,pdf,0,8.0,3,0,16,1
211.51,pdf,0,7.942,1,0,77,1
122.563,dll,0,5.044,6,1,22,1
210.561,enc,0,8.0,7,0,43,1
59.222,enc,1,4.481,7,0,8,1
116.523,docx,0,4.08,7,1,7,1
332.222,dll,1,8.0,9,1,16,1
42.018,bin,0,6.682,8,1,100,1
242.394,dll,0,8.0,10,1,83,1
92.791,enc,1,7.764,1,0,55,1
126.116,jpg,1,7.761,4,0,54,1
200.871,dll,0,3.898,5,0,4,1
88.737,bin,1,3.213,8,1,11,1
125.155,png,0,3.792,4,0,11,1
156.485,enc,0,8.0,0,1,100,1
318.378,dll,0,8.0,8,0,48,1
98.313,dll,1,3.537,5,1,17,1
130.504,dll,0,4.932,8,1,41,1
98.188,dll,0,5.589,5,0,13,1
490.431,bin,0,7.357,6,1,14,1
78.926,exe,0,5.487,0,1,6,1
52.546,enc,0,7.342,6,0,100,1
126.322,bin,0,8.0,8,0,89,1
614.527,pdf,1,8.0,3,0,64,1
220.739,xls,0,4.705,9,0,6,1
258.827,exe,1,8.0,5,1,61,1
140.611,enc,1,6.199,4,1,50,1
341.1,enc,0,8.0,2,1,27,1
66.551,enc,0,6.242,6,1,88,1
153.656,txt,0,8.0,4,0,27,1
498.663,dll,0,6.288,0,0,12,1
433.515,txt,1,5.174,6,1,15,1
238.502,docx,0,3.764,0,0,16,1
118.183,enc,0,7.532,3,1,26,1
231.154,txt,0,8.0,6,0,53,1
27.37,png,0,2.768,7,0,6,1
454.835,dll,0,5.885,5,0,20,1
171.728,enc,0,8.0,5,1,10,1
110.566,jpg,0,5.218,5,0,12,1
724.345,docx,0,8.0,8,0,1,1
349.621,jpg,0,7.551,7,1,51,1
385.389,dll,1,5.626,4,1,29,1
283.701,exe,0,3.998,3,1,19,1
14.673,enc,0,3.832,10,0,8,1
129.318,exe,0,4.659,2,0,35,1
194.948,enc,0,8.0,3,0,11,1
196.476,dll,1,6.672,5,0,59,1
18.839,pdf,0,1.991,6,0,0,1
150.899,pdf,0,5.11,0,0,19,1
82.802,pptx,0,7.531,5,1,9,1
204.682,pdf,1,3.45,3,1,9,1
76.663,dll,1,4.564,11,0,1,1
88.102,dll,0,6.994,3,0,69,1
629.008,jpg,0,8.0,4,0,13,1
267.743,pdf,0,5.131,0,0,34,1
89.092,txt,1,8.0,0,1,31,1
156.533,dll,0,3.683,7,0,0,1
71.907,enc,0,4.44,4,1,12,1
84.85,enc,0,5.033,4,1,30,1
125.714,dll,0,4.76,7,1,0,1
63.012,enc,1,3.329,6,1,6,1
313.425,exe,0,8.0,5,0,69,1
196.095,jpg,0,5.863,5,0,52,1
42.438,dll,0,3.966,1,0,13,1
209.89,enc,0,8.0,4,1,20,1
99.347,pdf,0,7.648,5,0,66,1
125.048,exe,0,7.622,4,1,16,1
154.469,txt,0,5.708,0,0,11,1
43.958,dll,1,6.93,7,0,100,1
239.268,dll,1,7.23,2,0,37,1
10.389,enc,0,3.519,7,0,14,1
236.867,png,0,5.957,4,0,18,1
193.82,enc,0,8.0,4,1,64,1
51.354,xls,1,4.807,2,1,4,1
177.139,dll,0,3.767,4,1,11,1
438.682,dll,0,5.141,4,0,2,1
97.414,txt,1,8.0,6,0,100,1
497.342,pptx,1,8.0,1,0,85,1
49.623,jpg,0,3.259,4,0,10,1
149.844,png,0,8.0,5,0,20,1
59.166,xls,0,6.83,3,1,91,1
193.683,bin,1,6.62,7,1,53,1
122.226,pptx,0,7.923,5,1,27,1
168.305,dll,0,5.896,1,0,17,1
272.606,png,0,8.0,5,1,26,1
247.95,jpg,0,8.0,2,0,75,1
42.739,dll,0,3.273,3,1,35,1
77.093,docx,0,4.574,0,0,10,1
109.825,dll,0,8.0,10,1,48,1
58.206,pptx,0,5.72,8,0,33,1
61.268,dll,1,3.531,1,0,27,1
886.053,jpg,1,4.408,7,0,3,1
20.145,jpg,0,4.809,6,1,100,1
25.368,txt,0,6.227,14,0,4,1
93.508,docx,1,5.357,5,1,66,1
179.507,dll,1,4.766,2,0,19,1
94.255,enc,1,4.523,2,1,25,1
227.202,enc,0,7.824,2,0,22,1
8.553,enc,0,3.774,2,0,51,1
220.907,enc,1,4.204,3,0,21,1
622.308,pdf,1,8.0,4,0,86,1
71.009,txt,0,3.75,2,1,29,1
79.739,png,0,4.396,7,1,6,1
122.748,jpg,0,5.258,7,1,55,1
90.778,jpg,0,5.238,1,0,11,1
40.236,dll,1,2.377,8,1,6,1
360.106,dll,1,7.995,12,1,59,1
160.328,dll,0,8.0,6,0,68,1
280.552,jpg,0,6.469,4,1,17,1
190.016,exe,0,7.276,10,1,77,1
236.211,dll,0,7.558,3,0,34,1
27.594,enc,0,3.309,8,0,44,1
258.642,png,0,8.0,10,1,99,1
18.127,dll,0,5.62,0,1,91,1
594.529,txt,0,8.0,4,0,100,1
75.976,enc,0,3.166,9,1,2,1
22.527,png,0,5.495,6,0,41,1
344.668,enc,0,7.553,10,1,6,1
858.857,pptx,0,5.029,5,1,22,1
76.528,xls,0,5.234,10,1,27,1
272.216,dll,0,8.0,6,0,28,1
758.021,enc,0,8.0,5,1,57,1
110.438,jpg,0,5.994,9,0,5,1
154.841,dll,0,6.579,2,1,30,1
313.89,txt,0,4.145,4,1,18,1
183.989,enc,0,8.0,4,0,20,1
678.187,dll,0,8.0,8,1,14,1
40.7,pptx,0,6.237,3,0,75,1
558.941,xls,0,3.933,3,1,10,1
268.501,xls,0,8.0,8,1,100,1
62.551,dll,1,3.356,4,0,28,1
37.21,jpg,0,4.931,3,1,0,1
196.973,enc,1,4.804,9,0,18,1
38.119,dll,1,6.289,4,1,76,1
832.475,txt,0,8.0,8,0,100,1
423.192,docx,0,8.0,10,0,43,1
108.244,jpg,1,7.677,6,1,10,1
314.64,txt,0,7.766,4,0,65,1
120.561,enc,0,5.146,1,1,5,1
69.646,enc,1,7.121,0,1,85,1
67.46,exe,0,3.326,10,0,0,1
451.303,pdf,0,5.425,9,1,34,1
211.513,dll,0,8.0,2,0,91,1
154.297,enc,0,8.0,3,1,32,1
605.467,pdf,0,6.743,14,0,20,1
210.87,bin,1,8.0,11,1,100,1
247.95,jpg,0,4.329,6,1,14,1
18.68,exe,0,1.807,4,0,9,1
283.674,dll,0,8.0,2,1,8,1
398.699,pdf,0,8.0,6,0,23,1
309.585,dll,0,8.0,3,1,100,1
52.942,png,0,2.878,3,0,7,1
36.912,dll,0,6.683,8,0,87,1
305.455,jpg,0,4.231,1,1,21,1
54.642,png,0,6.619,4,1,47,1
45.468,dll,0,2.6,6,0,16,1
77.476,xls,0,7.807,2,1,100,1
390.235,exe,0,8.0,3,0,9,1
368.11,enc,0,8.0,1,1,70,1
149.236,xls,1,7.461,2,0,40,1
920.969,exe,0,8.0,5,0,32,1
170.349,bin,0,6.124,4,1,37,1
422.754,png,0,6.127,8,0,3,1
197.85,dll,0,7.881,5,1,57,1
137.838,dll,0,7.743,9,0,6,1
47.525,exe,0,6.385,6,0,19,1
338.293,exe,0,6.912,3,0,12,1
161.173,xls,0,7.537,5,1,90,1
520.925,dll,0,6.781,8,1,8,1
150.435,enc,0,5.957,0,0,43,1
53.323,dll,0,4.006,1,1,48,1
118.772,pptx,1,4.612,0,0,10,1
34.438,pdf,0,4.101,2,0,61,1
41.451,xls,0,3.005,2,1,26,1
76.351,enc,0,4.865,4,0,23,1
75.692,exe,0,7.076,4,1,80,1
102.376,txt,0,5.642,8,1,60,1
30.763,txt,0,4.587,9,0,54,1
212.969,enc,0,8.0,9,1,64,1
39.395,dll,0,3.141,6,0,23,1
37.191,txt,0,6.017,0,0,54,1
231.265,bin,0,5.055,7,0,22,1
245.305,docx,1,8.0,1,0,57,1
302.46,txt,0,8.0,2,0,91,1
423.323,exe,0,8.0,0,1,42,1
28.96,exe,0,4.69,9,0,8,1
42.255,docx,1,6.054,4,1,49,1
358.435,enc,0,6.768,1,0,35,1
264.917,png,0,6.571,0,1,42,1
258.449,pdf,0,5.506,3,1,14,1
393.084,exe,1,8.0,3,1,100,1
12.78,dll,0,2.28,6,1,17,1
404.311,exe,0,8.0,6,0,8,1
652.515,dll,1,6.805,0,0,43,1
77.898,jpg,0,2.769,4,0,9,1
183.755,exe,0,8.0,4,0,21,1
322.635,dll,0,6.163,3,0,41,1
459.301,docx,1,7.632,5,0,27,1
127.218,enc,0,4.574,4,0,28,1
122.456,png,1,5.839,3,0,40,1
150.559,bin,0,5.651,6,1,2,1
346.369,docx,0,8.0,5,0,21,1
348.853,exe,0,8.0,1,1,20,1
246.643,jpg,0,8.0,7,0,86,1
140.394,enc,1,4.708,8,0,43,1
213.13,enc,0,8.0,3,1,100,1
42.151,docx,0,7.449,5,1,67,1
59.491,dll,0,3.061,7,0,13,1
161.416,exe,0,7.939,7,1,18,1
35.672,exe,1,3.964,10,0,50,1
42.624,txt,0,7.525,7,0,42,1
201.506,exe,0,6.06,8,0,23,1
62.766,png,1,6.494,0,0,53,1
69.73,png,0,7.47,5,1,100,1
33.313,txt,1,5.466,5,0,59,1
48.724,exe,0,5.788,9,0,48,1
56.508,xls,1,5.752,3,0,9,1
444.985,xls,1,8.0,9,0,41,1
79.307,dll,0,6.55,1,0,58,1
47.624,enc,1,2.49,8,0,6,1
281.666,dll,0,8.0,4,0,78,1
58.949,dll,1,5.04,0,1,58,1
690.236,docx,0,4.92,7,0,23,1
243.308,enc,0,8.0,6,0,29,1
135.052,xls,0,3.103,5,1,9,1
267.716,txt,1,4.76,3,0,29,1
264.135,xls,1,8.0,4,1,93,1
205.806,pdf,1,5.097,5,0,30,1
89.314,enc,0,6.327,6,0,1,1
111.594,dll,0,4.75,7,1,0,1
146.586,dll,0,7.563,2,0,53,1
65.935,docx,0,4.861,0,0,27,1
105.011,pdf,0,4.397,4,0,15,1
417.012,png,0,8.0,0,0,84,1
155.874,exe,0,5.073,4,0,16,1
282.771,pptx,0,4.31,11,1,1,1
197.091,enc,0,6.635,6,0,69,1
45.342,enc,1,7.593,0,0,41,1
512.172,png,0,7.733,5,0,12,1
104.048,exe,0,5.36,5,0,43,1
44.87,png,0,5.675,5,1,97,1
211.512,pdf,1,6.546,0,1,8,1
377.763,pptx,0,8.0,6,0,66,1
306.64,jpg,1,5.432,3,1,19,1
269.705,exe,0,8.0,7,0,29,1
119.14,dll,0,5.127,2,0,54,1
104.909,dll,1,8.0,3,1,90,1
241.365,pdf,1,4.871,4,0,1,1
192.143,exe,0,6.349,9,0,40,1
136.728,enc,0,8.0,3,0,100,1
234.582,pptx,0,6.163,1,1,21,1
143.292,exe,0,4.083,5,1,20,1
387.678,png,0,3.646,2,0,6,1
171.37,txt,1,3.817,5,0,1,1
56.746,enc,1,4.443,1,1,30,1
263.146,pptx,1,8.0,9,0,100,1
335.729,pptx,0,8.0,3,0,65,1
46.948,txt,0,2.745,1,0,3,1
280.755,dll,1,8.0,2,0,40,1
55.314,dll,0,4.921,9,1,10,1
88.58,enc,0,3.818,9,1,13,1
243.74,enc,1,5.932,4,0,35,1
200.293,enc,0,3.964,4,1,5,1
110.622,dll,0,4.929,6,1,1,1
216.865,enc,0,8.0,2,0,69,1
548.351,docx,0,8.0,6,1,12,1
43.665,png,0,6.227,4,1,99,1
161.296,enc,0,6.86,4,0,9,1
162.212,dll,0,8.0,5,1,100,1
47.635,enc,0,5.48,5,1,72,1
55.421,xls,0,3.033,10,0,19,1
416.41,exe,0,8.0,4,0,2,1
111.277,jpg,0,3.046,8,1,4,1
302.595,exe,1,6.571,8,1,6,1
228.942,exe,1,6.14,2,0,59,1
458.835,xls,0,8.0,7,1,100,1
74.508,enc,0,6.126,5,0,46,1
273.403,exe,1,3.581,4,0,4,1
191.632,txt,0,8.0,5,1,78,1
160.431,exe,1,7.148,2,1,84,1
271.525,pptx,1,8.0,4,0,97,1
43.047,exe,1,3.91,2,1,25,1
167.345,exe,0,8.0,4,1,24,1
279.399,exe,0,8.0,3,0,44,1
188.208,xls,0,7.291,1,0,66,1
50.23,enc,0,3.901,6,1,35,1
214.562,pdf,0,3.516,7,1,2,1
38.719,dll,0,6.525,4,1,37,1
108.046,exe,0,6.432,2,0,83,1
792.752,enc,0,8.0,4,1,61,1
71.262,png,0,2.975,7,0,0,1
906.758,enc,0,8.0,0,0,9,1
37.871,dll,0,4.181,4,1,34,1
58.22,dll,0,5.605,3,0,42,1
35.843,dll,0,6.023,7,0,100,1
71.924,bin,0,2.781,3,1,8,1
136.467,pdf,1,7.804,7,1,87,1
250.381,xls,0,6.222,6,1,46,1
354.442,enc,0,7.431,8,0,19,1
412.115,docx,0,6.664,4,1,58,1
75.541,dll,0,5.291,7,0,14,1
242.892,exe,0,6.052,0,0,40,1
102.545,pdf,1,7.287,3,0,41,1
92.865,exe,0,3.638,10,0,3,1
538.407,pptx,0,7.51,6,0,65,1
173.719,dll,0,7.919,0,1,97,1
383.316,xls,0,8.0,2,1,7,1
344.793,exe,0,8.0,8,0,25,1
463.512,jpg,0,8.0,3,0,80,1
403.602,pdf,0,3.629,6,1,7,1
86.102,bin,1,8.0,0,0,100,1
250.204,exe,0,7.796,5,1,20,1
110.315,dll,1,7.008,5,1,81,1
34.158,exe,1,4.577,7,1,48,1
66.834,dll,0,4.122,7,1,8,1
48.937,pptx,0,4.011,1,1,24,1
13.949,enc,1,3.633,3,1,75,1
55.146,exe,0,6.077,6,0,66,1
42.944,pptx,0,3.26,11,0,2,1
242.454,exe,0,6.952,3,0,61,1
221.012,exe,0,8.0,8,1,50,1
106.661,enc,1,4.593,10,1,18,1
57.854,docx,1,4.602,7,0,17,1
470.465,enc,0,5.836,4,0,18,1
56.412,exe,1,6.341,5,0,100,1
158.623,dll,0,6.734,2,0,15,1
172.449,txt,0,8.0,9,1,0,1
115.137,txt,1,2.88,0,1,0,1
0.654,pptx,0,0.325,8,1,2,1
92.593,pptx,0,4.628,0,0,15,1
237.142,exe,0,6.06,3,1,22,1
188.307,exe,0,3.581,6,0,10,1
419.952,dll,0,4.297,9,1,2,1
233.861,dll,1,7.527,2,0,25,1
56.455,enc,0,4.626,0,0,20,1
195.017,enc,0,7.969,2,0,46,1
193.409,enc,0,6.209,2,1,66,1
519.602,jpg,1,8.0,2,0,88,1
99.547,pptx,0,5.817,4,0,9,1
268.27,enc,0,3.533,5,0,8,1
156.839,pdf,0,4.447,9,0,15,1
279.849,exe,0,8.0,7,0,85,1
173.892,enc,1,8.0,2,0,13,1
239.351,pdf,1,8.0,6,0,55,1
426.509,docx,1,5.166,2,0,23,1
283.966,enc,0,6.64,6,0,7,1
304.826,docx,1,4.928,2,1,32,1
238.737,enc,1,5.839,0,0,54,1
970.637,dll,0,8.0,3,1,100,1
259.477,jpg,0,8.0,5,0,48,1
44.011,exe,0,5.34,7,1,35,1
415.394,enc,0,8.0,2,0,53,1
793.327,txt,0,6.77,4,0,24,1
71.675,exe,1,5.774,1,1,11,1
692.805,dll,0,8.0,7,0,90,1
552.546,dll,0,8.0,7,0,100,1
85.223,exe,1,6.665,0,0,53,1
482.154,exe,0,8.0,8,1,6,1
168.294,dll,0,8.0,1,0,58,1
77.103,pptx,1,7.832,7,0,8,1
176.606,jpg,0,6.123,0,1,27,1
43.33,dll,0,5.032,4,1,60,1
37.339,bin,0,4.762,3,0,26,1
95.665,enc,1,6.882,5,0,28,1
338.094,dll,1,8.0,7,0,71,1
299.091,docx,0,6.716,5,0,41,1
392.904,enc,1,8.0,0,1,100,1
75.801,exe,0,6.317,4,0,6,1
471.712,jpg,0,7.264,9,0,35,1
121.258,bin,0,6.262,3,0,78,1
66.773,exe,0,8.0,4,1,86,1
341.462,enc,0,8.0,0,0,8,1
78.172,pptx,0,6.645,1,0,8,1
81.033,exe,0,7.331,9,0,100,1
191.445,exe,0,3.461,5,0,1,1
184.659,enc,0,4.189,6,0,1,1
692.231,docx,0,4.887,7,1,17,1
78.146,dll,1,6.663,8,1,37,1
853.454,enc,0,8.0,2,0,100,1
23.281,xls,0,4.15,11,1,69,1
356.653,dll,1,7.341,4,0,53,1
27.817,exe,0,6.626,0,0,100,1
100.108,dll,1,4.978,0,1,24,1
132.069,exe,1,3.25,3,1,16,1
181.682,bin,0,4.714,3,1,3,1
249.163,enc,0,3.702,1,0,13,1
135.496,dll,0,5.138,6,0,53,1
159.799,png,1,8.0,0,1,27,1
38.497,exe,1,3.235,8,0,17,1
555.844,docx,0,8.0,6,1,85,1
110.049,enc,0,6.976,0,0,83,1
582.232,exe,0,7.934,4,0,42,1
548.869,pdf,0,8.0,9,0,74,1
90.788,pdf,0,8.0,0,1,65,1
226.409,exe,0,8.0,0,1,100,1
97.315,enc,0,6.49,5,1,33,1
417.689,png,0,7.527,0,1,63,1
124.628,exe,0,8.0,6,0,100,1
522.488,exe,0,5.469,3,0,2,1
532.419,enc,0,4.715,3,0,7,1
285.489,png,0,8.0,3,1,5,1
206.19,jpg,1,5.517,5,0,27,1
209.401,png,0,3.967,2,0,1,1
936.488,jpg,0,8.0,6,0,8,1
96.878,exe,0,6.207,4,0,68,1
172.095,enc,0,4.426,11,1,0,1
599.953,txt,0,7.575,1,0,46,1
131.926,dll,0,3.541,3,1,16,1
710.727,pdf,0,6.011,0,0,32,1
40.993,bin,0,2.635,2,0,18,1
193.37,bin,1,6.565,5,0,5,1
41.557,dll,0,5.39,2,1,93,1
177.324,pptx,1,8.0,10,1,65,1
108.286,exe,0,5.628,7,1,28,1
215.599,enc,0,4.351,7,0,0,1
17.89,docx,1,4.266,6,0,87,1
44.975,pptx,0,7.461,5,0,100,1
234.485,enc,0,4.233,0,0,20,1
225.291,dll,0,3.455,3,1,1,1
601.984,enc,0,8.0,7,0,63,1
87.191,pptx,1,6.144,7,1,36,1
73.048,bin,0,8.0,7,1,23,1
57.915,exe,0,6.014,5,1,42,1
1110.409,docx,0,5.533,0,0,7,1
234.685,exe,0,4.89,5,0,22,1
62.743,exe,0,3.086,3,1,8,1
53.386,bin,0,7.202,7,1,65,1
220.515,xls,1,8.0,2,1,51,1
22.373,png,1,5.934,6,0,100,1
738.43,jpg,1,8.0,5,1,24,1
52.143,jpg,0,3.003,9,1,15,1
47.035,exe,0,7.166,3,0,100,1
156.344,dll,0,8.0,3,0,65,1
427.889,enc,1,7.604,3,1,59,1
491.457,pptx,0,8.0,9,1,12,1
183.223,enc,0,8.0,5,0,100,1
34.217,docx,0,4.733,4,1,38,1
633.646,dll,0,8.0,4,0,95,1
199.839,exe,0,8.0,8,0,65,1
552.611,enc,0,8.0,10,0,17,1
179.414,enc,1,5.879,6,0,24,1
66.67,dll,0,3.172,5,0,9,1
80.146,jpg,0,4.778,7,0,49,1
222.838,bin,0,5.278,4,1,9,1
140.418,dll,1,6.701,5,0,68,1
463.21,dll,1,4.968,1,1,8,1
98.633,enc,0,4.988,4,0,48,1
656.278,dll,0,3.971,2,0,3,1
96.435,enc,0,4.749,4,0,29,1
718.737,txt,0,8.0,2,1,49,1
28.817,png,0,2.794,5,0,10,1
572.914,pdf,0,7.491,1,0,22,1
232.45,dll,0,3.602,7,1,0,1
284.15,enc,0,7.97,4,0,12,1
393.704,enc,0,3.92,4,0,0,1
172.54,dll,0,4.863,8,1,6,1
40.423,exe,0,3.36,7,0,19,1
370.212,txt,0,8.0,3,1,100,1
321.044,dll,1,4.588,6,1,11,1
67.467,enc,0,2.907,0,1,12,1
180.073,dll,0,3.397,2,0,8,1
264.835,bin,1,3.652,9,1,2,1
45.429,pdf,1,5.035,3,0,46,1
515.806,exe,0,5.391,12,0,26,1
75.212,dll,0,5.47,3,1,63,1
511.241,exe,0,4.972,7,1,1,1
21.639,pdf,1,4.562,5,0,66,1
49.601,docx,0,2.903,6,0,3,1
167.885,enc,0,5.663,5,0,11,1
194.284,dll,0,8.0,3,0,100,1
251.726,jpg,0,5.468,3,0,47,1
25.806,txt,0,3.22,3,0,38,1
279.905,docx,0,8.0,5,0,0,1
133.796,jpg,0,3.782,4,1,19,1
373.582,pptx,0,6.815,1,0,4,1
40.28,enc,0,4.207,4,0,43,1
219.517,txt,0,4.428,4,0,8,1
990.254,exe,0,6.622,5,0,23,1
291.399,pptx,0,8.0,9,1,44,1
80.133,dll,0,6.441,8,0,23,1
72.917,exe,0,7.101,0,0,33,1
28.078,bin,0,6.236,7,0,10,1
61.743,dll,1,3.438,6,0,27,1
123.107,docx,0,6.353,4,1,64,1
160.491,jpg,0,5.657,6,1,1,1
75.367,enc,0,6.414,0,0,51,1
47.921,xls,1,3.771,7,1,15,1
80.758,exe,0,4.008,6,0,27,1
225.059,png,0,3.698,6,1,7,1
164.564,enc,0,8.0,5,0,100,1
41.177,png,0,3.216,11,0,22,1
507.621,enc,0,8.0,0,0,97,1
131.823,exe,1,8.0,2,0,2,1
61.646,enc,0,6.689,5,0,69,1
264.098,docx,1,6.354,0,0,59,1
114.787,xls,0,5.403,9,1,36,1
99.483,exe,0,7.388,8,1,41,1
127.93,enc,0,8.0,10,0,100,1
325.879,enc,0,6.53,10,1,5,1
166.252,enc,1,6.051,1,0,12,1
480.454,jpg,1,5.456,6,0,1,1
111.773,jpg,0,6.912,4,1,34,1
323.421,docx,0,8.0,4,1,78,1
134.177,jpg,0,4.385,0,0,17,1
47.04,exe,0,3.26,8,0,7,1
33.492,dll,0,6.015,9,0,87,1
75.408,pptx,1,5.715,9,0,73,1
245.452,exe,0,8.0,4,0,8,1
147.402,pptx,0,6.175,7,1,0,1
447.404,png,0,7.514,9,1,28,1
320.74,exe,0,8.0,4,0,65,1
32.062,docx,0,4.535,3,1,55,1
209.27,dll,0,8.0,0,0,100,1
10.511,dll,1,3.865,9,0,2,1
22.918,exe,1,2.606,6,0,0,1
279.782,bin,1,8.0,2,1,4,1
39.185,xls,0,4.016,8,1,28,1
124.269,jpg,0,8.0,1,0,15,1
81.098,txt,0,4.079,10,1,23,1
151.211,exe,0,4.913,8,0,42,1
59.61,exe,0,3.56,8,1,20,1
355.811,enc,0,5.382,3,1,13,1
297.068,txt,0,6.489,0,1,50,1
193.746,exe,0,4.028,2,1,5,1
580.399,exe,1,7.401,8,0,32,1
25.827,dll,0,2.877,2,0,8,1
161.176,exe,1,6.249,3,0,64,1
293.937,enc,0,4.061,6,0,15,1
101.497,enc,0,4.907,6,0,50,1
175.555,exe,0,8.0,9,1,100,1
77.984,exe,0,7.843,8,1,84,1
47.73,pptx,0,4.794,4,1,15,1
50.579,enc,1,6.462,6,1,94,1
451.402,xls,0,8.0,2,1,76,1
397.851,exe,1,5.912,3,0,45,1
259.223,enc,0,5.082,4,0,23,1
116.955,bin,0,8.0,7,0,79,1
774.648,docx,0,4.616,8,0,8,1
80.664,exe,0,7.223,5,1,10,1
604.381,exe,0,4.527,4,0,18,1
72.01,txt,0,4.215,2,0,44,1
565.409,xls,0,8.0,9,0,19,1
39.259,exe,0,3.773,7,1,19,1
212.031,docx,0,8.0,8,0,48,1
760.566,jpg,0,4.56,2,0,1,1
49.397,exe,0,6.654,3,0,74,1
126.103,xls,0,6.896,6,1,6,1
36.618,pptx,0,7.002,10,0,81,1
200.819,pdf,1,8.0,5,0,49,1
26.361,pptx,0,3.258,2,0,3,1
91.341,exe,0,6.838,11,0,44,1
538.587,dll,0,8.0,1,0,77,1
279.523,dll,1,3.813,1,1,9,1
409.98,dll,0,7.071,9,1,32,1
225.302,pptx,0,8.0,7,0,84,1
237.985,exe,0,8.0,5,0,78,1
227.571,pdf,0,8.0,4,1,61,1
43.946,dll,0,6.534,8,1,21,1
127.774,txt,0,3.058,2,0,1,1
151.261,bin,0,5.623,3,1,26,1
310.989,jpg,0,8.0,2,1,63,1
241.719,docx,0,6.898,5,0,11,1
170.538,dll,1,8.0,9,0,72,1
49.123,exe,0,4.61,1,0,54,1
50.309,enc,0,5.738,6,0,47,1
138.129,dll,0,7.861,6,0,38,1
79.952,enc,0,4.983,4,1,49,1
28.322,enc,0,3.147,6,0,30,1
136.96,dll,0,3.591,4,1,17,1
175.859,enc,1,5.652,9,0,29,1
37.377,exe,0,5.116,2,0,72,1
50.565,xls,0,2.994,2,0,11,1
172.494,exe,1,7.307,3,0,89,1
174.939,exe,1,3.909,3,0,16,1
90.041,bin,0,4.59,9,0,8,1
39.319,bin,0,2.536,3,1,3,1
177.58,exe,0,6.566,5,1,72,1
110.717,pdf,1,7.824,4,1,10,1
81.121,jpg,0,8.0,4,0,100,1
132.995,exe,1,4.785,0,0,11,1
47.171,bin,0,5.395,7,1,64,1
270.059,pdf,0,8.0,9,0,35,1
47.836,enc,0,6.031,0,0,19,1
90.331,dll,0,8.0,5,0,63,1
241.986,xls,0,7.318,5,0,4,1
574.773,dll,0,8.0,5,0,94,1
409.842,bin,1,8.0,4,0,100,1
176.193,dll,0,4.244,3,1,30,1
128.445,pptx,0,4.819,8,0,17,1
317.78,dll,1,8.0,7,1,100,1
195.064,bin,1,8.0,5,0,69,1
433.198,jpg,0,4.812,9,0,27,1
611.862,txt,0,4.859,6,0,7,1
311.979,enc,0,7.322,8,0,35,1
125.192,pptx,0,7.937,0,0,58,1
1155.872,enc,0,4.708,2,1,15,1
65.071,dll,1,6.389,5,0,30,1
184.993,enc,0,8.0,5,0,47,1
170.527,exe,1,7.374,3,0,68,1
176.73,exe,0,6.925,5,1,23,1
635.945,dll,1,6.937,5,1,47,1
18.534,dll,0,3.228,9,1,3,1
526.844,pdf,0,8.0,8,1,3,1
70.87,pptx,1,4.68,2,0,13,1
142.775,exe,0,4.978,4,0,49,1
273.389,png,0,3.466,5,0,7,1
46.997,dll,1,4.276,3,0,41,1
165.606,pdf,0,5.845,6,0,49,1
82.682,enc,0,4.383,4,1,24,1
147.32,png,1,6.001,1,0,12,1
249.534,png,0,4.929,0,0,37,1
95.54,bin,0,5.35,4,0,12,1
61.801,exe,0,5.408,4,0,15,1
208.237,docx,0,5.853,3,0,47,1
148.875,bin,0,7.493,5,0,81,1
271.618,bin,1,6.75,2,0,55,1
519.802,enc,0,8.0,4,1,79,1
431.179,enc,0,8.0,5,0,90,1
146.129,xls,0,8.0,3,0,18,1
499.648,dll,0,8.0,6,0,65,1
37.657,pdf,0,6.993,3,1,100,1
49.447,exe,0,3.165,4,1,8,1
17.967,enc,1,5.476,5,0,76,1
798.127,enc,1,8.0,4,1,13,1
102.619,bin,1,6.571,3,0,63,1
281.378,bin,0,4.278,2,0,22,1
20.496,enc,0,5.896,4,0,100,1
87.389,enc,0,7.271,7,0,36,1
369.639,png,1,3.575,5,0,5,1
88.4,exe,1,8.0,5,0,28,1
222.673,dll,1,8.0,5,1,53,1
326.36,enc,1,6.511,5,0,10,1
111.892,enc,0,8.0,2,0,100,1
191.65,xls,0,5.62,5,0,18,1
57.474,exe,0,5.746,4,1,2,1
274.177,enc,0,3.861,0,0,8,1
40.616,exe,1,7.311,3,0,84,1
224.613,enc,1,7.634,3,0,59,1
212.645,dll,0,8.0,0,0,73,1
10.744,dll,0,2.231,3,1,1,1
94.962,xls,0,8.0,3,1,64,1
270.857,docx,1,5.682,4,0,41,1
526.205,enc,0,8.0,5,0,74,1
38.911,exe,0,7.353,4,0,100,1
112.395,exe,1,3.036,0,0,10,1
31.316,enc,0,3.443,10,0,40,1
128.089,dll,0,6.053,0,1,22,1
555.324,dll,0,7.54,2,0,1,1
128.923,txt,0,4.521,6,0,19,1
1019.287,pptx,0,8.0,12,1,32,1
263.572,pptx,0,8.0,1,0,39,1
268.53,jpg,0,4.641,2,1,19,1
251.315,enc,0,7.353,3,0,23,1
230.312,dll,0,6.367,1,1,59,1
62.039,pdf,0,2.857,5,0,3,1
65.104,jpg,1,3.131,6,1,14,1
173.293,enc,0,4.762,8,1,21,1
57.583,enc,0,3.989,8,0,41,1
672.865,exe,1,7.254,6,1,39,1
97.628,docx,1,8.0,1,1,26,1
89.861,dll,1,6.55,8,1,63,1
1296.653,enc,0,8.0,1,0,49,1
323.797,png,0,7.683,0,0,4,1
456.371,exe,0,4.578,1,1,23,1
39.923,png,1,2.324,4,0,10,1
22.044,enc,0,5.105,3,1,20,1
34.802,bin,1,5.594,2,0,26,1
87.979,dll,0,4.472,5,0,3,1
192.958,dll,1,3.27,7,0,5,1
532.051,exe,0,7.09,5,1,39,1
32.268,enc,1,2.459,4,0,12,1
548.222,exe,0,8.0,5,1,73,1
434.733,enc,1,8.0,0,0,48,1
60.973,enc,0,7.06,5,1,45,1
200.848,enc,0,6.404,6,0,50,1
226.022,enc,1,8.0,5,0,87,1
384.189,bin,0,7.943,6,1,18,1
248.627,jpg,0,8.0,3,0,100,1
53.747,txt,0,6.002,3,1,20,1
266.2,exe,1,5.105,3,1,2,1
70.431,enc,1,5.305,6,1,19,1
155.677,dll,0,5.634,7,1,5,1
51.709,exe,0,2.488,1,0,10,1
206.136,enc,1,5.691,7,0,31,1
87.068,pptx,0,6.042,3,0,25,1
35.023,dll,0,3.45,0,0,14,1
189.788,pdf,1,7.494,6,1,89,1
571.453,jpg,0,8.0,4,0,90,1
154.244,pptx,0,8.0,0,1,33,1
105.623,bin,0,4.646,4,0,11,1
142.17,enc,0,6.534,0,0,19,1
215.805,png,0,8.0,0,0,56,1
56.634,dll,0,7.287,1,1,13,1
602.334,exe,1,6.917,6,0,20,1
42.848,enc,0,6.568,6,0,50,1
195.393,enc,0,6.012,3,0,21,1
451.461,pptx,0,8.0,4,1,83,1
176.467,dll,0,8.0,3,0,88,1
392.274,dll,0,8.0,6,1,52,1
185.803,dll,0,8.0,6,1,58,1
272.649,pptx,0,5.291,9,1,25,1
206.16,jpg,0,7.426,2,0,17,1
244.138,xls,0,8.0,7,0,10,1
102.667,jpg,1,5.427,7,1,1,1
188.408,exe,0,7.513,6,0,38,1
205.192,docx,1,8.0,9,0,24,1
99.327,png,1,5.333,7,0,42,1
932.5,dll,0,8.0,2,1,16,1
36.971,txt,1,5.758,5,0,89,1
39.615,txt,0,2.4,8,0,2,1
125.075,txt,0,8.0,5,0,100,1
84.99,xls,0,8.0,4,0,23,1
29.116,enc,0,2.295,4,1,1,1
611.234,exe,0,8.0,0,0,95,1
58.512,dll,0,6.243,5,0,6,1
279.596,docx,0,4.287,7,1,8,1
124.189,enc,0,6.461,0,0,57,1
171.509,enc,0,8.0,3,1,63,1
334.133,dll,0,3.99,4,0,0,1
42.801,txt,1,3.842,9,0,21,1
149.238,txt,0,4.769,2,0,21,1
233.386,bin,0,7.756,5,1,63,1
25.744,exe,0,2.951,7,0,5,1
63.889,exe,1,5.857,5,1,8,1
278.75,dll,1,8.0,6,1,81,1
67.988,dll,0,5.923,2,1,68,1
257.507,xls,0,5.194,9,0,11,1
129.993,txt,1,8.0,3,0,100,1
40.115,dll,0,4.986,7,0,58,1
395.948,enc,0,7.015,10,0,24,1
910.223,dll,0,5.85,3,0,29,1
143.754,txt,0,8.0,4,1,100,1
211.206,exe,0,8.0,2,1,39,1
36.939,pdf,1,3.322,3,0,35,1
46.997,exe,0,7.71,2,0,100,1
80.752,enc,0,6.0,3,0,42,1
482.647,jpg,0,8.0,9,0,14,1
226.891,png,0,5.724,10,1,4,1
213.297,enc,0,7.801,3,0,63,1
341.821,dll,0,8.0,5,0,2,1
233.134,docx,0,8.0,3,0,82,1
295.937,enc,0,8.0,7,0,100,1
173.834,exe,0,8.0,6,1,63,1
42.226,pdf,0,2.725,1,1,18,1
36.618,enc,0,7.197,3,1,100,1
182.215,pptx,0,8.0,2,0,43,1
117.763,pdf,0,7.752,5,0,61,1
364.723,xls,0,6.503,10,0,10,1
183.307,exe,1,6.022,8,1,34,1
226.499,enc,1,7.44,9,0,28,1
65.236,pptx,0,7.79,5,1,37,1
341.088,dll,0,8.0,3,0,100,1
72.123,pptx,1,7.916,0,1,83,1
110.773,txt,0,4.069,10,0,33,1
225.102,enc,0,7.554,6,1,81,1
114.757,docx,1,6.923,3,0,24,1
56.446,exe,0,6.003,1,1,64,1
151.896,txt,0,4.438,4,0,21,1
304.103,enc,0,8.0,1,1,12,1
300.483,txt,0,8.0,3,0,18,1
175.087,dll,0,5.809,1,0,6,1
15.063,txt,1,5.006,3,0,12,1
94.524,xls,0,4.755,6,0,33,1
81.016,png,0,6.586,8,0,21,1
649.024,dll,0,3.928,6,0,7,1
290.014,enc,0,8.0,6,1,24,1
26.057,xls,1,4.16,4,1,66,1
678.821,exe,0,4.329,0,0,12,1
386.32,exe,0,8.0,5,0,84,1
236.393,xls,0,3.951,3,1,1,1
73.503,png,1,6.857,9,1,69,1
293.495,exe,1,8.0,6,0,100,1
81.726,docx,0,8.0,0,0,100,1
103.99,enc,0,4.217,3,0,26,1
152.846,exe,0,7.951,8,0,42,1
53.354,txt,0,7.616,0,1,6,1
231.265,jpg,0,4.012,0,0,1,0
518.097,jpg,0,6.317,0,0,37,0
153.923,xls,0,3.861,2,0,13,0
148.998,txt,0,3.319,0,0,11,0
116.921,bin,1,5.809,0,0,61,0
139.161,pdf,0,4.906,4,0,5,0
42.324,enc,0,2.344,0,0,9,0
42.849,png,0,3.037,0,0,4,0
224.506,txt,0,3.525,0,0,14,0
166.805,png,0,5.815,0,0,45,0
59.527,exe,0,4.036,0,0,9,0
435.792,png,0,7.75,2,0,32,0
39.285,enc,0,4.135,0,0,56,0
172.901,bin,0,4.443,3,0,27,0
67.346,docx,0,2.616,1,0,8,0
393.767,jpg,0,3.199,5,0,2,0
378.353,txt,0,3.114,0,0,2,0
175.988,enc,0,6.474,0,0,67,0
196.67,xls,0,4.815,3,0,34,0
39.85,png,0,3.568,8,0,40,0
107.455,png,0,2.415,0,0,0,0
268.288,txt,0,4.935,0,0,11,0
203.147,pdf,0,6.664,0,0,20,0
199.91,exe,0,3.99,2,0,24,0
265.737,enc,0,4.079,0,0,14,0
70.006,docx,0,5.343,0,0,9,0
222.139,pdf,0,5.811,5,0,16,0
109.124,pptx,1,3.963,6,0,26,0
207.448,txt,0,2.781,0,0,0,0
34.275,pptx,0,2.272,0,0,8,0
55.737,bin,0,3.548,0,0,31,0
246.962,xls,0,6.976,2,0,22,0
94.154,jpg,0,3.394,4,0,17,0
134.055,txt,0,4.088,0,0,12,0
759.429,png,0,8.0,1,0,4,0
113.973,txt,0,4.72,0,0,2,0
190.682,png,1,6.737,0,0,6,0
3.508,txt,0,1.701,0,0,20,0
96.567,exe,0,2.699,2,0,3,0
433.424,enc,0,5.054,3,0,11,0
80.681,exe,0,3.014,1,0,4,0
103.422,pdf,0,4.565,1,0,46,0
423.994,bin,0,5.116,0,0,0,0
340.569,txt,0,5.255,0,0,13,0
220.488,exe,0,5.24,0,0,14,0
504.38,xls,0,5.328,4,0,5,0
17.275,dll,1,3.58,2,0,23,0
152.93,exe,0,3.834,0,0,25,0
164.191,png,0,2.785,0,0,4,0
138.578,xls,0,6.102,0,0,69,0
31.665,pdf,0,3.985,0,0,61,0
129.472,jpg,0,3.993,0,0,9,0
131.826,dll,0,4.293,0,0,14,0
232.821,docx,0,5.048,2,0,7,0
293.9,docx,0,6.02,0,0,18,0
271.298,docx,0,6.566,2,1,21,0
223.972,exe,0,4.667,0,1,29,0
298.292,txt,0,3.258,0,0,4,0
24.146,bin,0,1.863,0,0,4,0
138.23,jpg,0,4.219,1,0,15,0
124.038,txt,0,2.765,0,0,4,0
134.774,exe,0,4.53,0,0,19,0
311.542,enc,0,3.815,0,0,12,0
44.557,docx,0,4.723,0,0,32,0
242.134,bin,0,3.765,2,0,9,0
11.382,png,0,2.455,0,0,0,0
92.125,dll,0,3.969,2,0,25,0
125.684,docx,0,5.062,3,0,1,0
175.739,bin,0,5.622,1,1,41,0
536.185,txt,0,7.871,1,0,5,0
146.714,exe,0,4.632,4,0,12,0
116.165,dll,0,6.175,0,0,79,0
1174.352,xls,0,8.0,0,0,40,0
231.962,png,0,4.525,0,0,32,0
308.657,pptx,0,6.542,2,0,24,0
450.392,dll,1,3.544,2,0,6,0
192.829,enc,0,4.124,0,0,7,0
752.923,pptx,0,6.986,0,0,0,0
117.316,docx,0,4.566,0,0,1,0
1074.625,exe,0,7.856,2,0,3,0
277.151,xls,0,7.057,0,0,37,0
114.318,enc,0,3.187,2,0,4,0
129.845,exe,1,3.489,3,0,0,0
213.222,jpg,0,6.88,7,0,37,0
85.362,jpg,0,5.115,0,0,11,0
108.527,pptx,0,3.593,0,0,2,0
413.565,txt,0,5.463,0,0,18,0
190.785,exe,0,4.85,1,0,19,0
103.863,txt,0,4.674,0,0,22,0
490.545,jpg,0,3.851,2,0,0,0
502.118,pdf,1,7.03,8,0,25,0
227.392,pdf,0,5.292,0,0,39,0
164.034,jpg,0,5.297,1,1,1,0
372.362,exe,0,7.46,0,0,31,0
366.599,docx,0,7.61,3,0,59,0
140.784,docx,0,6.352,0,0,23,0
327.845,xls,0,6.261,6,0,52,0
51.212,pdf,0,3.988,4,0,32,0
39.25,txt,0,4.241,0,1,62,0
46.576,pdf,0,4.629,1,0,12,0
74.662,png,0,3.945,0,0,10,0
331.25,pptx,0,5.634,1,0,23,0
46.711,pdf,0,2.091,0,0,1,0
756.675,pptx,0,6.377,3,0,29,0
302.887,exe,0,4.093,0,0,18,0
43.449,pptx,0,4.641,0,0,6,0
72.488,docx,0,5.214,0,0,56,0
442.898,enc,0,3.12,4,0,0,0
91.068,docx,0,2.696,2,0,4,0
620.258,pptx,0,6.524,0,0,38,0
576.502,dll,0,6.753,0,0,2,0
162.694,txt,1,6.472,0,0,46,0
107.059,bin,0,4.559,6,0,32,0
48.304,xls,0,3.149,0,0,28,0
124.579,exe,0,5.516,0,0,35,0
475.656,png,0,6.994,0,0,27,0
6.255,pdf,0,2.026,4,0,9,0
339.267,pptx,0,6.755,1,1,36,0
96.978,jpg,0,5.649,0,0,60,0
57.072,jpg,0,3.617,0,0,21,0
579.433,exe,0,6.324,0,0,5,0
40.116,jpg,0,4.311,0,0,56,0
228.271,bin,0,4.029,0,0,5,0
81.792,pptx,0,4.233,0,0,25,0
209.326,dll,0,5.102,0,0,16,0
143.018,bin,0,3.0,0,0,0,0
186.727,docx,0,4.002,3,0,19,0
102.535,dll,0,2.828,7,0,2,0
768.393,docx,0,8.0,0,0,13,0
51.884,pdf,0,4.343,0,0,44,0
165.704,png,0,3.001,0,0,6,0
227.557,png,0,3.805,0,0,8,0
147.517,enc,0,4.74,0,0,44,0
122.378,png,0,3.599,0,0,10,0
371.776,dll,0,6.898,6,0,30,0
105.574,exe,0,4.369,3,0,41,0
106.016,xls,0,6.071,0,0,43,0
155.164,bin,0,4.281,0,0,15,0
41.885,txt,0,2.178,0,0,3,0
39.983,pptx,0,4.518,2,0,68,0
202.981,xls,0,6.428,3,0,46,0
105.774,pptx,0,2.94,0,0,2,0
520.31,pdf,0,4.175,1,0,6,0
99.45,txt,0,3.433,0,0,13,0
398.937,xls,0,3.412,0,0,5,0
84.461,jpg,0,5.526,0,0,44,0
285.35,jpg,0,6.867,1,0,4,0
137.812,png,0,4.179,5,0,7,0
48.681,xls,1,4.099,0,0,3,0
183.381,bin,0,4.744,0,0,27,0
249.79,jpg,1,4.705,0,0,7,0
194.406,bin,0,3.505,0,0,14,0
135.983,pdf,0,6.144,0,0,17,0
136.336,enc,0,6.055,1,0,1,0
90.535,txt,1,2.703,0,0,9,0
182.673,png,0,4.52,2,0,32,0
551.086,txt,0,3.683,4,0,4,0
450.558,pdf,0,4.944,4,0,3,0
377.399,docx,0,5.798,5,0,5,0
535.336,exe,0,5.868,0,0,11,0
130.799,xls,1,3.929,0,0,27,0
639.255,exe,0,7.935,0,0,63,0
53.091,exe,0,4.755,6,0,45,0
547.088,bin,0,5.703,0,0,40,0
175.199,dll,0,4.757,7,0,27,0
26.9,txt,1,3.242,0,0,14,0
242.272,exe,0,6.771,0,0,47,0
933.642,jpg,0,4.131,0,0,3,0
93.028,jpg,0,3.983,3,0,20,0
90.772,png,0,4.368,0,0,37,0
196.63,docx,0,5.871,2,0,24,0
59.894,jpg,1,2.127,1,0,0,0
177.969,jpg,0,5.331,0,0,32,0
202.453,png,0,6.825,0,0,48,0
200.775,docx,0,6.131,0,0,12,0
48.178,png,0,4.79,0,0,69,0
185.313,txt,0,5.573,6,0,42,0
134.639,exe,0,3.207,0,0,13,0
329.741,docx,0,4.971,0,0,2,0
261.567,dll,0,5.775,4,0,3,0
482.908,docx,0,3.5,4,0,3,0
193.151,pdf,0,4.296,0,0,13,0
43.997,enc,0,2.049,0,0,3,0
160.835,enc,0,4.212,2,0,1,0
495.805,xls,0,5.086,3,0,8,0
14.385,dll,0,2.504,0,0,29,0
196.926,jpg,0,5.644,0,0,0,0
438.34,pdf,0,5.559,1,0,6,0
64.17,pdf,0,2.396,0,0,6,0
74.934,bin,0,3.775,0,0,6,0
106.622,png,0,3.509,0,0,17,0
489.503,pptx,0,6.39,2,0,27,0
196.074,txt,0,4.373,0,0,30,0
157.718,txt,0,3.649,0,0,13,0
56.708,docx,0,3.701,0,0,1,0
76.29,exe,0,2.496,0,0,6,0
106.166,txt,0,3.138,0,0,4,0
136.196,pdf,0,5.415,0,0,37,0
27.72,jpg,0,2.795,0,0,28,0
289.461,txt,0,4.938,0,0,7,0
42.041,txt,1,4.84,0,0,55,0
39.237,dll,0,1.892,0,0,0,0
398.827,docx,0,5.071,0,0,4,0
50.93,pdf,0,2.79,2,0,3,0
602.983,enc,0,7.027,0,0,32,0
130.765,exe,0,5.854,0,0,11,0
51.615,bin,0,3.005,0,0,4,0
140.784,exe,0,5.653,0,0,36,0
88.213,pdf,0,4.395,2,0,32,0
251.599,txt,0,5.242,0,0,12,0
169.347,png,0,6.165,2,0,32,0
292.975,pptx,0,6.014,0,0,25,0
550.989,enc,0,4.434,1,0,11,0
582.539,pptx,0,7.502,0,0,25,0
331.379,jpg,0,3.307,0,0,4,0
89.717,enc,0,3.054,2,0,11,0
59.539,xls,0,2.819,5,0,14,0
22.67,exe,0,1.793,0,0,0,0
85.494,pptx,0,3.879,3,1,4,0
66.116,docx,0,4.892,0,0,2,0
137.337,xls,0,2.757,0,0,3,0
108.32,bin,0,3.644,3,0,12,0
117.448,pptx,0,5.293,2,0,47,0
308.228,exe,0,6.2,0,0,50,0
236.959,dll,0,7.004,0,0,28,0
294.656,pdf,0,6.282,0,0,18,0
35.448,txt,0,3.084,0,0,13,0
86.098,jpg,0,5.718,0,0,37,0
290.255,xls,0,5.631,2,0,35,0
86.52,enc,0,5.648,5,0,54,0
111.273,dll,0,3.854,0,0,22,0
66.912,enc,0,3.792,1,0,27,0
236.769,xls,0,5.975,0,0,31,0
13.472,jpg,0,1.598,0,0,4,0
1064.412,jpg,0,6.69,0,0,43,0
521.394,pdf,0,7.7,2,0,57,0
149.678,enc,0,5.461,1,0,43,0
133.201,enc,0,4.842,0,0,29,0
345.276,bin,0,3.468,2,0,3,0
235.31,enc,0,5.959,2,0,53,0
159.902,png,0,6.32,0,0,32,0
148.021,enc,0,5.22,0,0,35,0
373.799,dll,0,5.41,4,0,28,0
46.442,docx,0,2.117,0,0,4,0
195.243,png,1,6.273,0,0,63,0
201.45,txt,0,6.31,0,0,28,0
39.569,bin,0,3.354,1,0,24,0
317.815,enc,0,6.668,0,0,10,0
431.729,pptx,0,6.375,4,0,51,0
421.544,txt,0,4.878,0,0,8,0
101.294,pdf,0,4.509,1,0,21,0
97.745,xls,0,2.767,4,0,6,0
469.414,bin,0,4.101,0,0,16,0
103.456,txt,0,5.738,0,0,43,0
177.925,jpg,0,3.794,1,0,17,0
1500.913,xls,0,6.017,0,0,10,0
26.518,xls,0,2.202,0,0,12,0
400.987,jpg,0,6.56,0,0,40,0
125.817,bin,0,3.892,0,0,10,0
708.111,dll,0,4.016,3,0,5,0
77.334,docx,0,4.289,0,0,4,0
156.386,pptx,1,4.597,1,0,25,0
253.722,xls,0,6.028,0,0,17,0
365.031,txt,0,6.483,0,0,38,0
122.315,dll,0,4.232,0,0,11,0
293.95,txt,0,3.944,0,0,17,0
209.986,enc,0,6.714,0,0,31,0
118.149,jpg,0,4.633,2,0,43,0
258.885,xls,0,4.655,0,0,26,0
99.254,txt,0,3.807,0,0,8,0
20.408,jpg,0,2.869,1,0,1,0
202.162,docx,0,5.048,0,0,18,0
972.289,pdf,0,8.0,0,0,50,0
163.084,pdf,0,3.058,0,0,3,0
263.927,enc,0,5.03,0,0,17,0
256.589,exe,1,3.945,2,0,9,0
414.037,pdf,0,4.562,1,0,0,0
121.06,jpg,0,4.129,2,0,23,0
426.387,dll,0,3.872,0,0,11,0
303.464,png,0,5.752,1,0,12,0
1320.867,pdf,0,7.289,0,1,29,0
565.589,exe,0,6.95,1,0,1,0
113.605,pptx,0,5.927,2,0,50,0
268.915,txt,0,4.026,6,0,12,0
41.657,dll,0,3.356,0,0,11,0
83.339,bin,0,3.575,4,0,26,0
47.205,pdf,0,3.063,2,0,23,0
117.207,pdf,0,4.239,4,0,19,0
101.663,png,0,4.325,0,0,23,0
268.241,dll,1,7.089,0,0,40,0
255.049,exe,0,6.623,1,0,56,0
180.108,enc,0,4.934,0,0,1,0
288.859,exe,0,7.081,0,0,24,0
153.443,pdf,0,4.754,5,0,31,0
79.399,txt,0,3.858,4,0,28,0
314.65,enc,0,3.667,1,0,2,0
143.196,enc,0,6.269,0,0,68,0
327.617,png,0,5.766,2,0,41,0
65.7,docx,0,3.708,3,0,26,0
373.095,dll,0,3.317,4,0,3,0
94.702,pdf,0,2.953,0,0,1,0
59.859,exe,0,2.253,0,0,1,0
177.474,xls,0,5.455,1,0,3,0
386.158,bin,0,5.097,0,0,25,0
453.896,png,0,4.034,3,0,7,0
625.626,txt,0,7.154,0,0,38,0
198.482,txt,0,6.849,0,0,75,0
157.598,dll,0,6.427,3,0,52,0
361.055,png,0,6.929,0,0,28,0
84.53,dll,0,3.111,2,0,18,0
62.08,exe,0,3.76,8,0,36,0
252.81,jpg,0,3.775,1,0,16,0
75.64,docx,0,3.835,0,0,16,0
489.271,bin,0,6.726,0,0,28,0
1131.083,dll,0,6.238,0,0,0,0
46.291,xls,0,4.645,0,0,33,0
1324.98,jpg,0,3.79,2,0,2,0
566.111,dll,0,4.756,0,0,21,0
58.168,dll,0,3.543,0,0,27,0
297.927,pdf,0,2.986,1,0,2,0
27.264,txt,0,2.205,0,0,4,0
111.848,pdf,0,3.548,0,0,17,0
38.863,bin,0,2.814,0,1,6,0
74.545,enc,0,2.612,3,0,5,0
317.709,enc,0,3.045,0,0,1,0
58.354,dll,0,2.579,0,0,9,0
113.478,jpg,0,5.184,3,0,51,0
50.294,bin,0,4.841,3,0,29,0
452.268,docx,0,5.721,5,0,40,0
47.884,pdf,0,2.812,2,0,7,0
434.407,bin,0,3.952,5,0,14,0
108.2,exe,1,5.104,1,0,21,0
797.365,pptx,0,4.658,3,0,0,0
271.03,png,0,3.847,0,0,6,0
76.717,enc,0,3.691,0,0,30,0
229.206,enc,0,6.58,0,0,50,0
220.89,jpg,0,4.43,0,0,12,0
806.642,txt,0,3.644,0,0,0,0
265.08,exe,0,5.885,3,0,3,0
356.64,pdf,0,5.393,0,0,18,0
87.746,xls,0,3.556,0,0,14,0
642.836,xls,0,3.577,0,0,3,0
950.949,jpg,0,5.665,0,0,4,0
112.036,bin,0,2.82,0,0,8,0
506.789,png,0,4.703,0,0,22,0
58.439,txt,1,4.383,1,0,3,0
320.209,pptx,0,4.567,0,0,18,0
75.639,dll,0,2.225,0,0,0,0
72.476,pdf,0,3.64,0,0,14,0
567.707,png,0,4.689,0,0,15,0
39.083,dll,0,4.046,1,0,48,0
335.113,pdf,0,6.211,2,0,6,0
85.414,dll,0,3.155,0,0,11,0
38.845,bin,0,2.147,2,0,2,0
59.528,enc,0,4.28,3,0,11,0
129.399,png,0,5.317,4,0,48,0
175.205,exe,0,5.185,4,0,21,0
754.798,pptx,0,5.804,0,0,21,0
83.425,bin,0,3.983,0,0,37,0
17.719,pdf,0,2.458,0,0,27,0
103.744,xls,0,3.864,0,0,31,0
409.458,enc,0,4.041,0,0,10,0
65.05,exe,0,3.14,6,0,24,0
134.766,exe,0,3.158,0,0,9,0
78.181,enc,0,4.78,0,0,38,0
159.252,bin,0,2.905,0,0,5,0
46.217,jpg,0,2.115,0,0,0,0
38.346,bin,0,2.103,0,0,4,0
105.454,bin,0,3.884,2,0,9,0
133.212,png,0,4.35,1,0,10,0
40.721,pptx,0,2.151,0,0,3,0
592.988,pdf,0,7.743,1,0,28,0
216.529,xls,0,3.09,0,0,1,0
409.078,pptx,0,4.621,0,0,23,0
24.797,xls,0,2.165,0,0,0,0
251.656,docx,0,2.984,0,0,2,0
115.966,txt,0,4.163,4,0,24,0
14.944,xls,0,3.058,3,0,40,0
91.556,pdf,0,2.61,0,0,5,0
361.837,pptx,0,7.03,2,0,42,0
447.955,txt,0,6.669,0,0,48,0
348.273,jpg,0,3.916,0,0,1,0
146.362,png,0,6.17,2,0,41,0
212.38,dll,0,2.892,5,0,1,0
202.185,docx,0,5.241,3,0,20,0
201.785,exe,0,2.844,4,0,2,0
127.03,docx,0,2.908,0,0,5,0
514.01,jpg,0,5.433,5,0,29,0
11.175,bin,0,1.46,0,0,6,0
142.647,enc,0,3.19,0,0,3,0
549.017,exe,0,6.254,0,0,42,0
309.397,pdf,0,5.378,2,0,21,0
85.139,png,0,3.131,0,0,12,0
100.477,docx,0,4.165,0,0,19,0
412.085,enc,0,3.511,0,0,2,0
431.802,exe,0,3.615,0,0,6,0
53.667,bin,0,3.206,0,0,13,0
241.335,pptx,0,6.808,0,0,3,0
294.708,pdf,0,3.658,3,0,5,0
375.832,xls,0,3.238,0,0,1,0
171.202,txt,0,6.085,0,0,50,0
126.964,dll,0,5.496,0,0,18,0
263.268,txt,0,6.401,0,0,43,0
46.698,pdf,0,4.621,0,0,27,0
355.46,bin,0,6.979,2,0,49,0
132.514,pdf,0,5.284,3,0,19,0
266.133,exe,0,6.346,6,0,48,0
111.351,exe,0,5.313,0,0,20,0
374.106,dll,0,7.665,0,0,50,0
189.449,pptx,0,6.432,4,0,9,0
64.869,xls,0,3.834,0,0,17,0
229.016,xls,0,3.926,0,0,10,0
214.389,png,0,6.5,0,0,20,0
166.265,bin,0,4.61,8,0,33,0
114.202,enc,0,3.769,2,0,20,0
231.048,exe,0,5.971,0,0,39,0
153.851,xls,0,3.645,1,0,3,0
576.669,txt,0,6.976,0,0,40,0
465.11,xls,0,7.407,2,0,3,0
44.051,exe,0,4.476,1,0,4,0
54.272,bin,0,4.543,1,0,54,0
169.761,enc,0,5.452,1,0,48,0
36.347,pptx,0,4.546,0,0,66,0
76.44,enc,0,3.73,5,0,17,0
80.982,xls,0,3.096,0,0,1,0
32.406,docx,0,4.041,3,0,4,0
350.011,png,0,4.759,7,0,19,0
143.979,txt,0,5.219,0,0,0,0
29.982,enc,0,3.071,0,0,39,0
59.729,exe,1,2.53,0,0,11,0
262.82,jpg,0,3.658,3,0,12,0
25.859,png,1,1.882,1,0,1,0
49.516,exe,0,3.525,0,0,16,0
53.935,jpg,0,4.001,0,0,32,0
180.683,dll,0,5.445,2,0,37,0
70.565,xls,0,4.371,2,0,4,0
1004.953,txt,0,7.216,4,0,8,0
106.971,txt,0,4.821,0,0,51,0
173.532,txt,0,6.179,0,0,6,0
312.22,png,0,3.561,0,0,10,0
146.778,enc,0,5.628,1,0,50,0
119.321,xls,0,5.614,0,0,23,0
551.785,docx,0,8.0,3,0,4,0
798.607,bin,0,4.416,1,0,0,0
152.575,txt,0,5.593,2,0,13,0
288.78,enc,0,7.19,0,0,66,0
567.262,xls,0,4.459,0,0,4,0
261.646,docx,0,4.891,0,0,12,0
128.107,jpg,0,3.573,0,0,15,0
33.543,enc,0,3.429,0,0,27,0
54.762,jpg,0,2.287,0,0,4,0
489.39,enc,0,3.73,0,0,1,0
94.019,txt,0,3.526,3,0,21,0
65.02,txt,0,3.854,0,0,9,0
257.887,pptx,0,5.115,0,0,41,0
47.964,jpg,0,4.459,0,0,60,0
138.728,jpg,0,3.473,0,0,7,0
160.392,jpg,0,5.646,0,0,49,0
394.34,enc,0,6.058,0,0,40,0
55.788,png,0,4.264,2,0,45,0
288.612,enc,0,5.565,0,0,12,0
128.568,pptx,0,6.008,0,0,15,0
326.87,txt,0,6.965,4,0,29,0
108.068,pdf,0,5.182,0,0,47,0
308.171,pdf,0,7.317,3,0,18,0
422.761,pptx,0,7.563,1,0,23,0
63.361,txt,0,3.466,4,0,32,0
40.258,xls,0,3.035,0,0,1,0
207.72,pdf,0,3.211,1,0,5,0
150.265,exe,0,4.539,0,0,25,0
128.8,exe,1,2.648,0,0,0,0
80.473,dll,0,2.656,0,0,1,0
180.307,docx,0,4.166,3,0,11,0
52.277,pdf,0,5.148,0,0,25,0
147.619,txt,0,3.072,1,0,8,0
113.957,exe,0,2.948,0,0,11,0
164.798,pptx,0,5.425,0,0,44,0
167.405,dll,0,3.224,5,0,4,0
330.338,bin,1,7.321,0,0,15,0
156.132,txt,0,2.936,0,0,2,0
443.943,dll,0,7.825,0,0,2,0
687.621,png,0,8.0,3,0,42,0
217.067,pdf,0,4.947,0,0,21,0
134.165,png,0,4.452,0,0,23,0
187.942,txt,0,6.093,0,0,5,0
77.416,bin,0,4.917,0,0,40,0
321.47,docx,0,7.425,0,0,56,0
174.262,exe,0,3.578,3,0,2,0
229.868,pptx,0,5.366,0,0,24,0
777.731,exe,0,5.951,0,0,11,0
108.628,png,0,3.27,2,0,7,0
201.409,txt,0,6.086,0,0,39,0
70.325,xls,0,3.275,1,0,4,0
129.727,jpg,0,4.808,1,0,43,0
288.238,bin,0,6.147,0,0,46,0
116.422,dll,0,2.73,0,0,7,0
146.876,dll,0,3.371,2,0,3,0
109.802,jpg,0,4.814,0,0,1,0
391.273,txt,1,6.816,2,0,59,0
42.715,txt,0,3.458,0,0,20,0
502.349,bin,0,4.203,2,0,8,0
211.585,exe,0,3.025,3,0,3,0
39.289,docx,0,2.945,5,0,20,0
287.329,xls,0,6.091,0,0,38,0
332.095,docx,0,5.093,5,0,24,0
194.397,jpg,1,5.705,0,1,17,0
64.837,jpg,0,4.535,0,0,41,0
141.109,exe,0,5.842,4,0,12,0
39.034,xls,0,4.234,0,0,20,0
113.125,txt,0,5.448,0,0,50,0
225.899,docx,0,4.109,3,0,23,0
556.698,bin,0,5.139,4,0,4,0
189.102,dll,0,3.701,1,0,0,0
49.771,enc,0,3.688,1,0,6,0
202.757,exe,0,4.634,0,0,7,0
67.016,png,0,2.515,0,0,4,0
23.353,pdf,0,2.552,0,0,13,0
109.575,jpg,0,4.447,0,0,42,0
87.508,jpg,0,5.398,0,0,36,0
44.637,enc,0,2.652,0,0,5,0
110.26,png,1,3.191,0,0,10,0
152.652,xls,0,3.174,1,0,12,0
34.8,jpg,1,2.9,4,0,26,0
60.378,xls,0,3.627,3,0,31,0
120.649,dll,0,4.978,0,0,29,0
230.626,enc,0,7.053,2,0,68,0
215.01,docx,0,3.387,0,0,7,0
31.586,jpg,0,1.783,0,0,0,0
72.054,png,0,3.837,0,0,37,0
210.018,enc,0,5.368,5,0,7,0
44.752,txt,0,2.681,0,0,19,0
461.063,docx,0,7.773,2,0,74,0
76.848,enc,0,4.919,0,0,59,0
628.561,enc,0,6.872,4,0,13,0
165.205,pptx,1,4.518,2,0,5,0
213.113,bin,0,5.639,0,0,51,0
270.142,txt,1,3.857,1,0,11,0
179.769,txt,0,4.268,0,0,26,0
293.475,xls,0,6.608,5,0,33,0
92.659,docx,0,5.083,0,0,45,0
41.63,enc,0,2.086,2,0,0,0
418.521,xls,0,7.746,0,0,56,0
443.564,exe,0,3.188,2,0,0,0
250.793,jpg,0,3.412,0,0,3,0
110.95,pptx,0,4.257,2,0,38,0
316.88,png,0,5.962,1,0,43,0
141.613,bin,0,6.098,3,0,56,0
207.322,enc,0,5.691,1,0,55,0
231.106,bin,0,3.798,0,0,15,0
291.813,jpg,0,4.468,7,0,18,0
1717.474,exe,0,6.256,0,0,18,0
40.447,pdf,0,2.28,3,0,3,0
438.964,png,0,4.165,0,0,17,0
451.017,pdf,0,5.701,0,0,9,0
143.983,dll,1,2.571,0,0,0,0
447.986,jpg,0,5.613,0,0,10,0
285.925,pdf,0,6.418,0,0,57,0
143.203,exe,0,4.595,0,0,16,0
175.348,exe,0,5.864,1,0,48,0
157.249,dll,0,5.273,4,0,34,0
411.808,xls,0,5.312,0,0,18,0
234.627,txt,0,6.584,1,0,49,0
141.087,docx,0,5.898,0,0,54,0
355.345,xls,0,3.144,2,0,0,0
300.107,png,0,4.738,2,0,6,0
327.457,txt,0,4.882,0,0,12,0
253.996,pptx,0,7.141,0,0,35,0
77.331,bin,0,3.368,3,0,16,0
25.65,jpg,0,2.642,0,0,23,0
538.543,bin,0,5.936,0,0,43,0
138.791,bin,0,5.842,0,0,54,0
231.018,dll,0,4.328,2,0,22,0
23.222,bin,0,1.826,2,0,6,0
266.686,bin,0,5.05,0,0,2,0
119.157,enc,0,6.163,0,0,58,0
125.911,jpg,0,5.365,0,0,59,0
334.215,dll,1,4.037,0,0,0,0
223.37,png,0,5.779,0,0,29,0
44.272,pdf,0,3.36,0,0,15,0
254.759,pptx,0,7.133,4,0,31,0
727.384,jpg,0,8.0,0,0,57,0
84.457,pptx,0,3.054,0,0,0,0
108.309,jpg,0,5.586,1,0,18,0
112.194,jpg,0,2.415,4,0,0,0
51.015,docx,0,3.434,0,0,31,0
392.656,dll,0,3.447,1,0,3,0
61.629,jpg,0,3.216,1,0,19,0
72.666,xls,0,4.877,0,0,44,0
229.475,png,0,6.206,0,0,36,0
205.46,jpg,0,6.462,7,0,63,0
143.573,png,0,3.785,5,0,16,0
140.613,docx,0,3.481,0,0,16,0
137.049,txt,0,4.148,0,0,31,0
308.454,docx,1,6.835,0,0,57,0
314.861,exe,0,4.801,0,0,21,0
100.621,bin,0,3.171,0,0,15,0
278.946,bin,1,7.036,0,0,3,0
64.226,dll,0,3.774,0,0,37,0
556.959,pptx,0,7.924,0,0,69,0
107.725,png,0,5.814,3,0,34,0
242.487,exe,0,6.487,3,0,5,0
40.285,png,0,4.694,0,0,75,0
105.049,exe,0,4.735,0,0,11,0
172.133,enc,0,6.512,0,0,26,0
225.092,bin,0,4.105,1,0,8,0
303.158,exe,0,3.68,0,0,4,0
37.82,xls,0,3.408,0,0,31,0
273.428,pptx,0,6.566,0,0,23,0
244.824,xls,0,6.687,0,0,34,0
483.45,exe,0,4.064,1,0,6,0
346.476,bin,0,3.661,0,0,2,0
271.071,docx,0,5.425,0,0,32,0
299.101,enc,0,4.321,0,0,24,0
51.853,dll,0,2.882,0,0,9,0
385.413,png,0,3.395,0,0,5,0
134.74,txt,0,4.38,0,0,25,0
204.718,exe,0,5.255,0,0,46,0
98.337,docx,0,4.823,0,0,9,0
25.693,pdf,0,3.588,1,0,0,0
133.956,png,0,4.051,2,0,13,0
426.192,jpg,0,5.249,0,0,26,0
200.855,enc,0,3.604,0,0,14,0
554.767,dll,0,3.691,4,0,2,0
166.447,bin,1,4.256,0,0,5,0
13.964,enc,0,2.463,0,0,26,0
488.062,txt,0,3.977,1,0,2,0
93.688,dll,0,4.049,0,0,27,0
172.55,txt,0,6.506,0,0,50,0
292.024,exe,0,5.222,0,0,6,0
798.082,png,1,6.837,0,0,18,0
310.146,xls,0,5.111,0,0,28,0
1103.791,pdf,0,5.308,0,0,14,0
179.649,exe,0,6.026,6,0,9,0
57.947,enc,0,4.783,0,0,66,0
96.322,docx,0,3.528,0,0,24,0
238.806,txt,1,4.833,0,0,4,0
560.579,pdf,0,8.0,0,0,78,0
336.974,png,0,7.338,0,0,34,0
123.058,exe,0,2.783,0,0,4,0
47.187,pptx,0,2.254,1,0,0,0
575.443,txt,0,4.689,2,0,3,0
262.234,dll,0,4.923,0,0,31,0
71.86,xls,0,4.1,1,0,27,0
147.85,xls,0,3.399,1,0,8,0
114.207,enc,0,4.497,0,0,41,0
149.036,png,1,3.212,0,0,4,0
133.081,bin,0,5.171,9,0,33,0
164.094,pptx,0,3.222,2,0,6,0
76.489,docx,0,4.547,6,0,26,0
44.314,docx,0,1.955,4,0,1,0
60.689,jpg,0,3.38,0,0,22,0
97.065,png,0,3.049,0,0,1,0
226.516,dll,0,6.7,0,0,0,0
458.989,enc,0,6.708,0,1,18,0
193.151,jpg,0,3.911,0,0,7,0
593.329,xls,0,4.245,0,0,10,0
72.198,bin,0,4.277,3,0,14,0
182.288,png,0,3.086,0,0,8,0
245.409,png,0,6.334,3,0,10,0
155.024,png,0,3.673,0,0,13,0
410.411,bin,0,3.104,0,0,0,0
136.57,jpg,0,4.769,0,0,38,0
487.442,pptx,0,8.0,0,0,45,0
267.353,txt,0,3.594,1,0,9,0
81.618,pdf,0,4.597,0,0,33,0
200.454,bin,0,4.721,0,0,31,0
108.332,dll,0,4.433,0,0,7,0
58.663,jpg,0,4.662,0,0,16,0
64.193,xls,0,2.601,0,0,3,0
136.66,png,0,2.702,0,0,4,0
266.552,xls,1,4.974,0,0,20,0
133.847,png,0,2.672,0,0,0,0
489.002,jpg,0,6.021,0,0,1,0
78.588,pdf,0,4.782,2,0,37,0
106.876,docx,0,3.084,0,0,11,0
527.666,bin,0,3.811,0,0,6,0
1777.552,dll,0,5.902,0,0,5,0
72.802,pdf,0,4.85,0,0,24,0
131.193,jpg,0,2.834,0,0,5,0
390.116,jpg,0,3.807,0,0,9,0
169.996,enc,0,6.367,0,0,43,0
136.075,exe,0,3.103,3,0,2,0
26.773,bin,0,2.674,0,0,9,0
670.458,pptx,0,5.727,0,0,24,0
144.043,txt,0,3.913,4,0,12,0
178.108,pptx,0,5.484,0,0,46,0
498.932,dll,0,4.567,2,0,8,0
221.251,pptx,0,6.548,1,0,41,0
480.155,png,0,4.766,0,0,17,0
70.821,docx,0,3.43,0,0,29,0
397.93,bin,0,3.389,0,0,5,0
518.665,jpg,0,8.0,0,0,74,0
26.354,enc,0,3.17,2,0,20,0
68.646,pptx,0,3.14,3,0,2,0
833.394,bin,0,8.0,1,0,15,0
1010.803,pdf,0,4.63,0,0,11,0
528.158,xls,0,7.415,1,0,66,0
57.842,exe,0,4.949,0,0,63,0
23.953,bin,0,2.632,2,0,1,0
1118.989,xls,0,8.0,0,0,23,0
55.071,png,0,3.035,1,0,20,0
224.465,png,0,5.452,0,0,50,0
218.025,pptx,0,5.874,0,0,17,0
490.762,jpg,0,3.581,0,0,1,0
109.355,txt,0,2.821,0,0,9,0
400.047,bin,0,6.336,0,0,0,0
62.242,dll,0,2.584,0,0,2,0
369.864,docx,0,4.542,2,0,3,0
40.744,pptx,0,2.675,0,0,20,0
47.048,xls,0,2.437,0,0,4,0
115.278,png,0,4.498,0,0,37,0
357.506,pptx,0,5.159,0,0,28,0
358.273,jpg,0,4.611,2,0,3,0
210.466,txt,0,5.45,0,0,45,0
37.83,docx,0,2.939,2,0,21,0
201.934,docx,0,6.75,0,0,47,0
279.299,exe,0,6.018,0,0,48,0
26.347,jpg,0,2.625,0,0,16,0
57.783,png,0,5.222,0,0,21,0
244.693,jpg,0,5.023,0,0,31,0
171.871,docx,0,3.852,0,1,7,0
45.5,dll,0,2.609,0,0,4,0
128.114,exe,0,2.657,0,0,1,0
349.736,docx,0,6.245,0,0,12,0
602.564,jpg,0,3.626,2,0,1,0
138.554,enc,0,2.782,3,0,1,0
475.278,dll,0,4.029,3,0,12,0
227.73,png,0,6.186,0,0,1,0
330.233,docx,0,3.025,0,0,1,0
481.756,png,0,6.545,2,0,24,0
66.706,xls,0,3.861,0,0,38,0
298.643,docx,0,5.81,2,0,20,0
102.146,docx,0,3.88,1,0,22,0
142.802,png,0,3.054,1,0,7,0
133.918,xls,0,5.044,0,0,2,0
446.846,png,0,5.412,2,0,17,0
1075.811,txt,0,8.0,0,0,2,0
23.047,dll,0,2.778,0,0,6,0
98.915,exe,0,2.353,0,0,0,0
86.027,exe,0,5.752,0,0,67,0
108.31,dll,0,5.846,0,0,40,0
446.736,pdf,0,3.934,4,0,10,0
129.172,exe,0,3.754,5,0,3,0
58.273,xls,0,3.155,0,0,7,0
178.307,xls,0,5.762,3,0,19,0
681.909,pptx,0,7.954,2,0,67,0
704.902,jpg,0,7.851,0,0,23,0
727.944,jpg,0,6.231,0,0,32,0
146.527,jpg,0,3.262,0,0,5,0
19.034,bin,0,3.01,0,0,11,0
258.42,pptx,0,2.894,0,0,0,0
180.745,enc,1,5.761,0,0,19,0
104.654,png,0,5.368,6,0,39,0
427.592,pdf,0,3.613,1,0,0,0
153.937,bin,0,3.989,0,0,19,0
341.418,dll,0,5.148,2,0,33,0
242.404,txt,0,4.89,2,0,21,0
341.425,bin,0,6.294,0,1,50,0
276.468,txt,0,5.146,1,0,2,0
61.604,exe,0,4.004,0,0,37,0
193.87,jpg,0,4.698,0,0,12,0
505.726,enc,0,4.833,0,0,14,0
315.355,exe,0,3.583,0,0,3,0
135.285,png,0,3.308,0,0,10,0
82.943,pdf,0,5.655,0,0,41,0
172.61,enc,0,4.811,0,1,40,0
240.548,png,0,6.812,0,0,28,0
153.755,docx,1,3.9,0,0,11,0
128.525,jpg,0,4.134,1,0,23,0
117.447,bin,0,3.01,0,0,11,0
53.718,xls,0,3.814,0,0,8,0
141.004,pdf,0,5.991,0,0,35,0
325.932,docx,0,6.191,1,0,24,0
808.053,png,0,5.484,3,0,16,0
137.858,xls,0,3.178,1,0,13,0
270.465,docx,0,6.114,0,0,42,0
149.357,docx,0,3.849,2,0,15,0
704.691,xls,0,5.313,0,0,30,0
43.721,enc,0,4.595,0,0,29,0
516.237,exe,0,5.105,1,0,31,0
170.763,enc,0,5.821,1,0,31,0
368.618,bin,0,3.114,0,0,2,0
602.744,pdf,0,4.739,0,0,6,0
125.629,docx,0,6.144,1,0,63,0
945.278,jpg,0,5.64,0,0,9,0
330.714,docx,0,5.439,4,0,0,0
131.259,pdf,0,4.799,0,0,42,0
109.735,dll,0,2.531,0,0,2,0
44.865,enc,0,3.807,0,0,25,0
73.778,xls,0,5.52,0,0,74,0
88.198,pdf,0,3.49,1,0,11,0
95.141,xls,0,3.608,1,0,19,0
546.414,exe,0,3.991,1,0,2,0
40.684,txt,0,3.102,0,0,21,0
54.311,pptx,0,3.902,5,0,11,0
240.699,txt,0,3.54,0,0,11,0
145.598,docx,0,4.007,0,0,21,0
95.739,bin,0,2.751,0,0,6,0
96.837,jpg,0,5.598,0,0,28,0
318.687,pdf,0,4.151,0,0,2,0
254.899,png,0,4.622,0,0,16,0
94.429,xls,0,4.331,0,0,14,0
175.85,txt,0,4.824,2,0,22,0
464.746,xls,0,4.978,7,0,1,0
28.028,pptx,0,4.326,2,0,8,0
64.497,docx,0,3.069,0,0,4,0
115.934,docx,0,5.273,2,0,1,0
745.828,jpg,0,6.076,1,0,19,0
714.207,enc,0,5.455,0,0,30,0
274.26,jpg,0,3.297,0,0,7,0
193.331,jpg,1,2.839,0,0,2,0
247.326,bin,0,4.377,0,0,28,0
257.016,pdf,0,6.369,0,0,62,0
33.672,docx,0,4.492,0,0,47,0
109.307,enc,0,3.648,1,0,8,0
388.061,pdf,0,3.83,1,0,4,0
278.225,jpg,0,4.168,5,0,17,0
185.315,dll,0,3.88,0,0,15,0
189.434,dll,1,4.889,3,0,33,0
33.653,bin,1,4.018,0,0,3,0
213.316,pdf,0,2.855,3,0,0,0
45.443,jpg,0,4.067,0,1,21,0
185.741,pptx,0,3.631,0,0,11,0
70.341,png,0,4.454,0,0,52,0
59.508,png,0,3.858,5,0,13,0
135.913,exe,0,3.175,0,0,5,0
452.951,txt,0,6.691,0,0,9,0
86.812,docx,0,4.668,1,0,0,0
92.16,bin,0,3.567,0,0,1,0
83.862,dll,0,5.411,3,1,15,0
298.907,bin,0,5.081,5,0,21,0
148.575,dll,0,4.635,0,0,9,0
90.128,bin,0,4.123,0,0,11,0
61.691,png,0,5.017,1,0,47,0
68.727,dll,0,4.543,4,0,39,0
28.491,jpg,0,3.295,0,0,26,0
172.193,pdf,0,3.661,4,0,8,0
59.102,pptx,0,3.168,1,0,14,0
284.182,jpg,1,3.754,3,1,0,0
30.068,png,0,3.485,0,0,4,0
188.974,pptx,0,4.167,4,0,21,0
70.481,docx,0,5.535,3,0,14,0
156.214,png,0,3.624,0,0,7,0
69.31,exe,0,4.649,0,0,7,0
284.854,txt,0,6.197,0,0,32,0
127.366,docx,0,3.97,1,0,25,0
188.53,txt,0,6.669,2,0,40,0
125.969,bin,0,3.662,1,0,21,0
150.615,bin,0,5.239,0,0,26,0
170.476,exe,1,4.026,0,0,20,0
748.852,jpg,0,5.335,0,0,21,0
97.117,pptx,0,2.969,0,0,7,0
173.565,pptx,0,6.628,0,1,5,0
139.51,dll,0,4.649,3,0,36,0
496.353,bin,0,5.88,0,0,0,0
307.456,pptx,0,6.375,0,0,57,0
28.938,pdf,0,3.421,0,0,9,0
298.394,enc,0,7.011,0,0,31,0
787.436,bin,0,6.09,13,0,6,0
257.055,txt,0,4.35,4,0,3,0
129.927,png,1,3.128,0,0,13,0
105.844,txt,0,5.884,0,0,71,0
51.443,txt,0,2.331,0,0,8,0
98.133,exe,0,3.392,0,0,3,0
151.844,pptx,0,5.712,0,0,11,0
509.471,docx,0,3.242,0,0,0,0
301.029,pdf,0,4.256,0,0,5,0
135.753,png,0,6.295,3,0,15,0
125.484,jpg,0,3.82,0,0,1,0
423.726,jpg,0,5.392,0,0,30,0
499.148,pdf,1,4.147,3,0,9,0
421.1,pptx,0,5.415,0,0,32,0
32.243,jpg,0,3.398,3,0,16,0
795.779,jpg,0,4.137,0,1,1,0
549.138,jpg,0,5.974,0,0,32,0
162.086,docx,1,2.646,3,0,0,0
127.824,png,0,3.177,0,0,10,0
96.833,docx,0,5.948,3,0,39,0
62.666,txt,1,4.925,0,0,61,0
258.405,exe,1,3.566,3,0,1,0
1038.204,bin,0,4.875,0,0,8,0
31.939,xls,0,1.862,4,1,1,0
8.602,bin,0,1.418,3,0,7,0
62.52,dll,0,2.406,0,0,5,0
62.055,exe,0,4.832,0,0,30,0
297.414,bin,0,3.652,0,0,13,0
930.346,pptx,0,8.0,2,0,69,0
260.177,xls,0,3.192,6,0,2,0
47.996,bin,0,3.448,4,0,38,0
68.734,dll,0,2.526,0,0,3,0
247.373,exe,0,5.847,3,0,26,0
213.995,pdf,0,3.241,0,0,6,0
76.605,pptx,0,5.238,0,0,70,0
25.78,exe,0,4.038,0,0,27,0
53.087,dll,0,4.698,0,0,67,0
68.895,enc,0,3.143,0,0,11,0
228.834,bin,0,4.904,2,0,17,0
57.438,png,0,2.198,0,0,3,0
649.778,jpg,0,8.0,0,0,14,0
103.298,xls,0,4.917,0,0,18,0
340.249,bin,0,5.224,4,0,12,0
314.968,xls,0,3.652,0,0,5,0
352.979,xls,0,4.536,0,0,8,0
104.597,enc,0,3.841,0,1,14,0
138.482,enc,0,4.372,0,0,36,0
220.058,docx,0,4.599,0,1,8,0
74.102,jpg,0,4.712,0,0,7,0
28.143,exe,0,1.747,1,0,0,0
64.177,docx,0,3.104,7,0,3,0
45.015,dll,0,4.637,0,0,36,0
54.265,dll,0,5.155,0,0,71,0
172.173,enc,0,5.369,6,0,2,0
231.224,jpg,0,4.097,0,0,16,0
98.903,exe,0,4.274,4,0,2,0
58.433,dll,0,5.294,0,0,5,0
67.729,dll,0,4.367,3,0,21,0
108.566,jpg,0,4.851,0,0,30,0
171.977,png,0,6.167,3,0,7,0
443.035,dll,0,5.447,0,0,39,0
421.121,pptx,0,4.534,0,0,14,0
162.852,pdf,0,4.768,7,0,34,0
182.433,pdf,0,4.492,0,0,4,0
70.638,bin,0,5.101,0,0,39,0
64.348,exe,0,2.22,5,0,2,0
63.323,pptx,0,4.79,1,0,40,0
86.147,xls,0,5.042,0,0,4,0
834.294,pptx,0,5.731,0,0,6,0
39.368,pptx,0,3.341,0,0,4,0
324.704,pdf,0,5.769,0,0,47,0
105.107,bin,0,5.047,1,0,11,0
14.664,enc,0,1.536,5,0,1,0
172.486,pptx,0,2.721,2,0,1,0
22.861,exe,0,3.856,4,0,40,0
182.471,xls,0,2.823,2,0,2,0
294.567,dll,0,5.326,2,0,4,0
187.041,xls,0,4.327,0,0,15,0
262.145,txt,0,6.485,0,0,6,0
346.232,docx,0,3.018,0,0,0,0
33.288,docx,0,3.098,1,0,23,0
96.672,enc,0,4.955,0,0,36,0
509.887,txt,0,7.375,1,0,64,0
370.027,txt,0,4.354,0,0,11,0
75.796,docx,0,3.18,0,0,23,0
182.623,dll,0,2.923,0,0,0,0
118.741,pdf,0,4.374,2,0,3,0
279.964,bin,0,5.337,1,0,3,0
53.259,pptx,0,4.66,6,0,4,0
423.435,pptx,0,5.318,0,0,5,0
184.301,pptx,0,5.187,3,0,19,0
48.719,jpg,0,2.934,0,0,2,0
293.619,enc,0,3.857,3,0,3,0
35.218,txt,0,3.131,2,0,24,0
178.481,docx,0,5.658,0,0,27,0
147.685,pdf,0,3.714,3,0,23,0
58.374,xls,1,2.147,0,0,0,0
399.72,dll,0,7.591,0,0,59,0
55.008,pptx,0,3.536,0,0,28,0
50.523,dll,0,4.652,6,0,50,0
470.759,enc,0,7.879,0,0,11,0
264.936,png,0,6.038,0,0,52,0
355.519,enc,0,3.676,0,0,11,0
120.834,jpg,0,4.947,1,0,16,0
167.503,dll,0,2.924,0,0,3,0
310.92,xls,0,5.035,0,0,35,0
237.182,png,0,5.355,4,0,47,0
395.923,enc,0,3.642,0,0,3,0
210.224,pdf,0,3.546,2,0,12,0
179.658,dll,0,4.124,0,0,25,0
121.648,dll,0,4.803,0,0,37,0
463.852,xls,0,3.461,0,0,0,0
106.118,jpg,0,3.581,3,0,24,0
70.607,pdf,0,4.326,6,0,16,0
122.543,enc,0,4.64,2,0,27,0
166.756,exe,0,4.098,0,0,5,0
197.021,bin,0,5.0,2,0,33,0
95.47,dll,0,3.747,0,0,3,0
258.377,enc,0,6.221,0,0,18,0
110.148,dll,0,3.078,1,0,12,0
167.102,txt,0,5.688,1,0,41,0
822.163,pdf,0,5.052,0,0,6,0
214.187,exe,0,6.263,6,0,8,0
20.99,png,0,2.432,0,0,19,0
83.478,xls,0,3.187,3,0,8,0
385.04,jpg,0,6.233,0,0,51,0
182.419,docx,0,5.437,0,0,40,0
115.388,txt,0,5.948,0,0,0,0
13.037,xls,0,3.398,0,0,73,0
884.88,jpg,0,3.82,0,0,2,0
131.9,txt,0,6.32,4,0,31,0
115.0,jpg,0,2.95,0,0,3,0
69.641,enc,0,3.275,0,0,7,0
35.837,jpg,0,2.618,2,0,10,0
94.333,enc,0,4.741,0,0,27,0
175.957,pdf,0,5.816,0,0,51,0
159.952,enc,0,5.599,0,0,58,0
36.82,enc,0,4.451,0,0,67,0
18.433,xls,0,2.678,0,0,7,0
227.12,docx,0,4.298,0,0,20,0
104.878,dll,0,3.243,0,0,3,0
63.539,dll,0,3.815,0,0,15,0
147.219,jpg,0,4.353,0,0,1,0
93.707,txt,0,4.708,0,0,17,0
864.917,png,0,8.0,0,0,28,0
216.881,png,0,4.441,2,0,18,0
18.827,exe,0,1.56,2,0,0,0
460.126,jpg,0,4.293,0,0,6,0
453.003,enc,0,3.223,5,0,2,0
220.375,dll,1,4.252,1,0,8,0
176.681,docx,0,6.636,1,0,53,0
196.2,txt,0,2.79,0,0,0,0
87.205,xls,0,5.516,2,0,67,0
123.54,jpg,0,3.441,0,0,5,0
446.472,xls,0,7.783,1,0,17,0
1538.683,png,0,7.118,0,0,26,0
172.864,enc,0,4.971,6,0,44,0
12.008,pdf,0,1.472,0,0,6,0
150.54,png,0,5.01,0,0,31,0
261.297,pdf,0,5.085,3,0,39,0
97.523,png,0,5.677,0,0,13,0
109.086,dll,1,3.566,0,0,8,0
54.326,jpg,0,3.981,0,0,5,0
413.077,docx,0,6.842,2,0,62,0
151.438,png,0,3.889,4,0,22,0
46.329,pdf,0,2.7,2,0,9,0
173.897,enc,0,3.399,3,0,3,0
135.104,txt,0,3.182,0,0,3,0
247.106,exe,0,6.714,1,0,18,0
223.383,docx,0,2.903,0,0,1,0
314.306,enc,0,6.42,0,0,13,0
23.062,bin,0,2.593,0,0,16,0
94.78,txt,0,4.506,5,0,35,0
77.059,pptx,0,4.392,0,0,16,0
68.59,jpg,0,2.541,0,0,0,0
515.214,xls,0,7.687,0,0,45,0
184.331,jpg,1,6.112,8,0,18,0
379.715,png,0,4.798,6,0,27,0
321.683,bin,0,3.056,0,0,0,0
55.739,pdf,0,4.342,3,0,26,0
50.751,jpg,1,2.925,2,0,22,0
125.422,exe,0,5.953,1,0,70,0
286.992,txt,0,5.579,0,0,14,0
125.758,enc,0,5.146,3,0,44,0
81.692,bin,0,4.163,0,0,14,0
171.247,pdf,0,5.011,3,0,42,0
61.529,docx,0,4.319,4,0,50,0
44.218,jpg,0,4.879,0,0,72,0
420.306,dll,0,3.21,0,0,2,0
103.478,png,0,2.818,0,0,5,0
119.803,pptx,0,5.776,0,0,40,0
72.541,xls,0,3.823,0,0,8,0
455.594,bin,0,4.623,0,0,8,0
41.667,bin,0,2.779,4,0,8,0
174.62,dll,0,2.741,0,0,0,0
189.046,dll,0,3.295,6,0,7,0
233.202,pptx,0,3.447,1,0,4,0
173.282,exe,0,5.769,4,0,51,0
114.437,txt,0,4.502,0,0,25,0
193.104,docx,0,5.472,3,0,36,0
478.701,exe,0,4.174,0,0,2,0
274.004,txt,0,4.958,0,0,1,0
693.073,txt,0,3.57,0,0,2,0
723.491,docx,0,7.246,0,0,14,0
231.365,bin,0,5.104,7,0,15,0
95.542,dll,0,3.87,0,0,18,0
107.384,enc,0,5.099,0,0,18,0
84.623,dll,0,3.188,1,0,2,0
27.217,txt,0,2.599,8,0,1,0
445.765,txt,0,6.781,0,0,36,0
63.252,png,0,2.97,5,0,17,0
270.447,docx,1,6.384,6,0,3,0
55.549,txt,0,3.399,2,0,3,0
420.514,jpg,0,4.255,0,0,0,0
32.564,jpg,0,2.561,0,0,7,0
283.378,enc,0,3.595,1,0,2,0
156.232,pdf,0,4.611,0,0,32,0
608.386,png,0,7.292,3,0,60,0
127.854,bin,0,5.678,0,0,37,0
202.301,png,0,5.655,4,0,41,0
220.864,xls,0,4.619,1,0,31,0
50.709,pdf,0,3.456,0,0,0,0
667.684,xls,0,5.968,0,0,25,0
384.146,exe,0,6.517,4,0,57,0
340.554,xls,0,7.415,1,1,38,0
259.346,exe,0,4.047,3,0,8,0
479.163,xls,0,6.365,3,0,31,0
120.326,bin,0,4.814,3,0,3,0
350.446,dll,0,5.731,5,0,35,0
121.766,pptx,0,4.223,2,0,0,0
291.764,txt,0,3.776,0,0,3,0
62.16,docx,0,3.516,1,0,24,0
97.329,pdf,0,3.841,0,0,31,0
98.999,xls,0,5.336,0,0,22,0
726.543,exe,0,3.391,1,0,0,0
526.412,png,0,5.072,0,0,2,0
371.706,xls,0,7.054,2,0,4,0
54.255,xls,0,2.723,2,0,6,0
60.903,jpg,0,2.816,2,0,1,0
57.894,enc,0,5.029,4,0,17,0
117.238,pdf,0,3.479,2,0,14,0
288.679,txt,0,7.008,3,0,10,0
164.483,docx,0,4.451,0,0,30,0
129.871,xls,0,5.61,0,0,18,0
363.179,pdf,0,3.64,0,0,9,0
425.829,pptx,0,4.364,4,0,20,0
134.587,pdf,0,4.129,0,0,33,0
32.072,png,0,2.893,0,0,21,0
261.957,png,0,5.085,2,0,4,0
223.076,docx,0,6.861,1,0,46,0
213.113,dll,0,3.948,0,0,4,0
65.618,exe,0,4.073,1,0,23,0
72.455,jpg,0,4.01,0,0,23,0
205.957,xls,0,4.96,0,0,23,0
201.365,dll,0,4.632,2,0,23,0
397.921,enc,0,7.067,0,0,10,0
47.523,exe,0,2.356,0,0,8,0
45.485,png,0,3.241,1,0,13,0
699.768,txt,0,3.857,0,0,2,0
368.287,bin,0,7.233,0,0,20,0
43.329,xls,0,3.58,0,0,18,0
249.448,txt,0,5.691,0,0,51,0
194.731,png,0,5.696,0,0,21,0
132.581,enc,1,3.984,2,0,17,0
221.619,exe,0,6.126,0,0,45,0
300.22,exe,0,4.94,2,0,12,0
488.947,pptx,0,5.632,0,0,1,0
367.272,png,0,7.084,4,0,50,0
135.029,jpg,0,5.337,3,0,33,0
645.125,exe,0,3.929,0,0,2,0
170.565,exe,0,5.893,2,0,7,0
114.005,pdf,0,5.76,0,0,21,0
244.551,bin,0,3.624,0,0,4,0
130.582,xls,0,5.846,0,0,41,0
147.057,docx,0,5.204,2,0,29,0
54.843,dll,0,4.678,0,0,55,0
166.171,bin,0,3.155,0,0,1,0
38.542,dll,0,3.696,0,0,12,0
89.756,xls,0,3.568,2,0,4,0
118.294,pptx,0,5.489,0,0,19,0
115.136,docx,0,2.504,0,0,1,0
190.072,txt,0,5.595,0,0,13,0
321.088,exe,0,5.365,0,0,26,0
126.204,dll,0,5.288,0,0,12,0
81.419,pdf,0,4.436,0,0,13,0
273.851,docx,0,6.652,0,0,15,0
225.916,dll,0,3.211,0,0,7,0
776.54,docx,0,3.559,0,0,2,0
134.187,pdf,0,4.655,1,0,26,0
224.454,dll,0,6.399,4,0,59,0
122.234,png,0,6.034,0,0,24,0
53.332,bin,0,2.572,0,0,9,0
216.361,pdf,0,6.422,1,0,40,0
235.078,dll,0,4.28,2,0,26,0
60.939,txt,0,2.379,3,0,2,0
185.137,jpg,0,4.91,0,0,18,0
202.869,dll,0,4.587,1,0,30,0
264.814,enc,0,6.841,0,0,25,0
136.143,pptx,1,3.155,0,0,4,0
186.958,pdf,0,3.828,0,0,18,0
210.868,dll,0,4.288,0,0,9,0
383.296,pdf,0,4.557,1,0,13,0
93.261,png,0,3.784,3,0,8,0
192.155,xls,0,4.881,1,0,7,0
93.995,xls,0,5.347,8,0,30,0
88.579,jpg,0,4.342,0,0,43,0
207.407,docx,0,5.424,4,0,21,0
108.164,dll,0,5.752,0,0,52,0
185.805,pdf,0,3.14,0,0,4,0
591.096,pdf,0,7.342,0,0,34,0
58.04,pdf,0,3.873,3,0,19,0
125.245,exe,0,4.336,0,0,6,0
50.436,exe,0,4.256,0,0,45,0
246.061,dll,1,3.291,2,0,4,0
248.169,xls,0,2.993,0,0,2,0
78.395,exe,0,4.997,0,0,61,0
102.338,pptx,0,5.812,1,0,66,0
406.95,enc,0,7.033,0,0,43,0
215.861,docx,0,6.634,0,0,38,0
21.489,enc,0,3.375,2,0,52,0
85.662,pdf,0,5.551,0,0,51,0
188.291,exe,1,4.354,0,0,8,0
387.151,enc,0,7.747,4,0,64,0
140.437,pdf,0,3.693,0,0,22,0
168.256,exe,0,3.569,3,0,16,0
146.795,xls,0,5.244,0,0,27,0
75.065,exe,0,3.751,0,0,17,0
249.911,pptx,0,5.919,0,0,56,0
56.437,dll,0,4.22,0,0,17,0
271.554,dll,0,6.025,0,0,8,0
157.795,bin,0,2.686,6,0,0,0
116.356,txt,0,5.204,0,0,7,0
174.738,txt,0,5.097,7,0,27,0
99.442,xls,0,4.486,2,0,45,0
165.867,dll,1,2.772,0,0,1,0
155.758,pptx,0,3.235,0,0,4,0
110.641,bin,0,4.021,0,0,8,0
29.409,pptx,0,2.517,0,0,22,0
67.256,png,0,3.88,5,0,23,0
280.453,docx,0,3.251,0,0,0,0
159.048,jpg,0,4.139,0,0,9,0
352.682,dll,0,6.796,0,0,48,0
378.341,pptx,0,5.949,2,0,27,0
229.667,enc,0,5.093,0,0,9,0
445.563,xls,0,7.366,3,0,55,0
270.279,pdf,0,5.022,4,0,22,0
454.114,jpg,0,7.6,1,0,32,0
97.581,bin,0,3.237,0,0,4,0
149.918,pptx,0,3.153,0,1,3,0
69.287,bin,0,5.063,0,1,0,0
235.027,enc,0,5.424,0,0,7,0
270.755,enc,0,5.297,0,0,5,0
112.661,pptx,0,3.625,0,0,17,0
67.457,dll,1,4.432,2,0,31,0
174.206,dll,0,5.923,5,0,1,0
67.52,bin,0,2.648,0,0,0,0
277.447,exe,0,7.024,2,1,35,0
70.523,pdf,0,5.21,2,0,65,0
54.908,pdf,0,5.16,0,0,61,0
204.503,jpg,0,4.282,2,0,1,0
464.333,xls,0,6.915,0,0,42,0
155.418,exe,0,4.245,0,0,12,0
186.006,docx,0,5.361,1,0,3,0
361.383,dll,0,3.608,0,0,6,0
1314.832,enc,0,4.899,0,0,0,0
128.602,xls,0,4.68,5,0,43,0
267.498,dll,0,3.162,0,0,4,0
204.616,jpg,0,5.003,0,0,30,0
38.764,png,0,3.6,0,0,33,0
531.192,docx,0,5.642,0,0,8,0
248.63,bin,0,6.643,1,0,36,0
50.376,enc,1,5.033,3,0,52,0
78.914,dll,0,4.068,5,0,18,0
70.695,enc,0,4.683,0,0,39,0
38.428,pdf,0,2.909,0,0,5,0
249.688,pptx,0,5.44,0,0,48,0
252.916,xls,1,4.745,0,0,23,0
142.28,docx,0,5.974,0,0,0,0
58.992,png,0,2.811,1,0,13,0
291.457,pdf,0,4.487,0,0,28,0
80.978,docx,0,2.635,3,0,6,0
86.542,pptx,0,2.416,0,0,2,0
386.887,pptx,1,6.585,4,0,29,0
317.1,exe,0,3.705,0,0,6,0
250.869,txt,0,3.803,4,0,9,0
383.0,pdf,0,6.182,0,0,2,0
179.117,bin,0,4.039,2,0,26,0
284.974,pptx,0,6.153,3,0,1,0
144.647,png,0,4.421,2,0,31,0
163.043,exe,0,5.825,1,0,3,0
95.958,exe,0,3.09,0,0,4,0
108.542,txt,0,3.56,0,0,16,0
104.512,dll,0,2.46,0,0,2,0
247.372,dll,0,6.569,0,0,63,0
276.725,png,0,7.169,5,0,50,0
30.58,txt,0,2.176,0,1,11,0
399.654,jpg,0,3.826,3,0,7,0
264.733,docx,0,3.344,0,0,1,0
55.93,pdf,0,4.231,4,0,10,0
153.615,jpg,0,6.276,0,0,39,0
47.284,enc,0,3.561,2,0,19,0
78.656,dll,0,4.46,0,0,0,0
59.942,jpg,0,4.739,0,0,7,0
90.434,enc,0,2.816,0,0,1,0
170.018,enc,0,3.573,5,0,8,0
129.39,pdf,0,2.622,0,0,2,0
145.514,pdf,0,4.442,4,0,18,0
218.655,pdf,0,3.013,4,0,1,0
191.491,jpg,0,3.01,1,0,6,0
632.184,xls,0,4.019,2,0,7,0
1035.994,pptx,0,6.359,0,0,11,0
92.676,txt,0,2.356,1,0,1,0
172.21,enc,0,6.382,2,0,6,0
204.15,pptx,0,6.714,4,0,52,0
100.983,pptx,0,5.998,0,0,69,0
37.866,exe,0,2.281,3,0,1,0
27.307,bin,0,2.021,3,0,0,0
131.935,xls,0,3.56,1,0,18,0
266.93,docx,0,4.034,0,0,13,0
1186.667,enc,0,8.0,0,0,46,0
153.138,dll,0,5.275,0,0,47,0
200.883,png,0,6.028,2,1,48,0
34.956,exe,0,4.189,0,0,31,0
111.841,pptx,0,4.049,0,0,29,0
58.408,pptx,0,3.578,0,0,11,0
141.311,exe,0,2.86,0,0,2,0
155.923,enc,0,5.804,0,0,56,0
85.203,enc,0,5.27,5,0,62,0
191.229,docx,0,5.159,0,0,37,0
67.791,bin,0,4.72,6,0,47,0
511.578,txt,0,3.472,0,0,2,0
134.074,pdf,0,4.709,0,0,27,0
45.51,png,0,2.284,0,0,2,0
173.582,png,0,3.715,0,0,4,0
218.741,dll,0,3.68,0,0,9,0
52.958,png,0,4.085,0,0,20,0
266.123,png,0,4.829,1,0,33,0
95.606,enc,0,3.359,0,0,21,0
98.778,xls,0,3.276,4,0,6,0
81.136,exe,0,4.762,4,0,20,0
39.305,txt,0,3.974,0,0,11,0
386.885,jpg,0,7.239,4,0,65,0
37.763,bin,0,2.96,3,0,7,0
25.878,png,0,3.265,3,0,48,0
482.351,enc,0,4.507,3,0,7,0
644.822,bin,0,5.097,2,0,18,0
47.113,bin,0,2.179,4,0,4,0
152.425,jpg,0,6.21,1,0,66,0
911.517,docx,0,8.0,0,0,28,0
293.634,pptx,0,5.303,0,0,14,0
578.801,png,0,3.853,0,0,1,0
170.586,png,0,6.425,0,0,36,0
100.575,exe,0,3.169,2,0,7,0
93.112,png,0,3.298,0,0,12,0
163.465,jpg,1,5.901,0,0,6,0
29.185,pdf,0,2.516,0,0,19,0
752.127,enc,0,8.0,0,0,39,0
116.03,pdf,0,6.172,0,0,7,0
82.153,pdf,0,3.623,0,0,8,0
159.156,docx,0,6.403,2,0,26,0
119.423,txt,0,4.708,0,1,15,0
231.255,bin,0,6.284,6,0,62,0
662.915,exe,0,3.719,0,0,1,0
89.88,png,0,2.397,3,0,1,0
450.802,pptx,0,5.83,1,0,34,0
103.197,pdf,0,4.895,0,0,46,0
715.972,jpg,0,7.543,0,0,60,0
162.483,bin,0,5.954,2,0,12,0
134.657,enc,0,3.673,1,0,15,0
53.14,png,0,3.341,5,0,28,0
32.51,pdf,0,3.617,0,0,11,0
313.502,txt,1,4.298,5,0,21,0
43.067,bin,0,4.812,0,0,74,0
187.575,pptx,0,6.761,0,0,38,0
274.705,jpg,0,2.868,2,0,0,0
246.731,txt,0,6.447,1,0,11,0
37.671,jpg,0,3.294,0,0,24,0
64.085,pdf,0,2.597,6,0,8,0
463.681,jpg,0,7.466,0,0,14,0
102.33,docx,0,2.43,0,0,1,0
269.201,png,0,3.766,1,0,8,0
333.887,jpg,0,6.541,3,0,45,0
509.833,jpg,0,5.018,1,0,13,0
88.092,xls,0,5.017,3,0,49,0
81.553,docx,0,5.107,5,0,20,0
200.07,xls,1,5.585,1,0,53,0
119.492,bin,0,5.187,1,0,23,0
315.718,exe,0,5.321,7,0,8,0
33.552,pdf,0,2.938,1,0,11,0
217.43,png,0,5.81,0,0,50,0
362.34,exe,0,7.285,0,0,16,0
133.581,dll,0,2.566,3,0,1,0
52.466,pdf,0,2.335,0,0,3,0
505.891,pdf,0,5.014,0,0,28,0
132.263,pdf,0,5.551,0,0,17,0
360.295,pdf,0,6.627,1,0,16,0
195.146,docx,0,4.038,0,0,20,0
350.284,exe,0,4.687,0,0,4,0
159.994,jpg,0,3.659,0,0,15,0
213.278,bin,0,3.816,1,0,20,0
203.199,docx,0,5.207,0,0,6,0
238.853,exe,0,5.142,0,0,25,0
98.473,enc,0,4.151,0,0,12,0
259.861,exe,0,3.662,1,0,15,0
431.8,xls,0,6.21,0,0,33,0
78.775,png,0,4.239,0,0,26,0
120.244,exe,0,3.887,1,0,21,0
133.688,enc,0,4.466,0,0,1,0
31.227,png,0,3.293,0,0,14,0
201.802,jpg,1,5.733,2,0,22,0
453.061,bin,0,5.966,0,0,1,0
103.882,docx,0,3.124,1,0,0,0
149.416,bin,0,3.685,0,0,21,0
39.414,txt,0,2.839,0,0,22,0
156.873,docx,0,3.039,3,0,4,0
43.907,exe,0,2.624,0,0,16,0
497.066,pptx,0,5.253,2,0,4,0
45.619,jpg,0,4.708,1,0,62,0
103.784,exe,0,5.179,0,0,44,0
307.497,jpg,1,6.7,0,0,4,0
377.369,txt,0,3.976,4,0,7,0
321.521,bin,0,7.173,0,0,12,0
162.576,txt,0,4.412,0,0,25,0
87.949,pptx,0,3.793,1,0,12,0
147.57,pdf,0,6.058,0,0,20,0
240.418,dll,0,6.698,0,0,40,0
600.614,enc,0,5.652,0,0,4,0
47.364,txt,0,4.824,1,0,50,0
254.39,txt,0,5.088,1,0,23,0
278.398,pdf,0,5.733,0,0,24,0
25.62,dll,1,4.195,0,0,51,0
80.296,pptx,1,3.981,1,0,31,0
158.05,bin,0,2.851,4,0,5,0
134.764,docx,0,2.55,0,0,1,0
358.624,docx,0,7.164,0,0,56,0
95.162,enc,1,4.562,1,0,17,0
80.893,pptx,0,3.837,0,0,10,0
105.13,docx,0,2.605,0,0,1,0
96.987,docx,0,4.548,2,0,39,0
446.031,dll,0,4.622,0,0,7,0
180.967,xls,0,4.263,0,0,8,0
566.58,txt,0,3.418,2,0,0,0
271.234,xls,0,7.09,1,0,70,0
209.59,xls,0,4.436,1,0,1,0
68.771,png,0,3.222,0,0,7,0
415.347,dll,0,5.379,1,0,20,0
124.837,xls,0,3.032,2,0,10,0
410.234,png,0,3.81,3,0,1,0
137.18,pptx,0,4.541,0,0,24,0
134.442,dll,0,5.955,0,0,62,0
49.034,png,0,4.026,5,0,5,0
299.382,dll,0,5.017,0,0,1,0
115.119,bin,0,2.901,0,0,1,0
211.506,xls,0,5.109,0,0,22,0
50.331,docx,0,2.689,4,0,16,0
298.458,dll,1,2.949,0,0,1,0
161.639,jpg,0,2.747,0,0,2,0
331.213,dll,0,4.365,0,0,19,0
107.466,bin,0,4.992,0,0,8,0
209.583,pdf,0,5.755,2,0,39,0
372.406,enc,0,7.598,4,0,76,0
13.31,pptx,1,2.189,0,0,9,0
541.892,bin,0,3.889,0,0,1,0
86.818,enc,0,3.112,0,0,10,0
135.344,pptx,0,3.323,0,0,9,0
243.138,dll,0,3.131,0,0,1,0
169.537,xls,0,3.972,1,0,3,0
71.907,pdf,0,4.422,0,0,1,0
335.335,pdf,1,3.338,0,0,4,0
266.04,pptx,0,5.42,0,0,34,0
123.824,png,0,3.504,0,0,8,0
151.726,png,0,6.276,1,0,57,0
189.891,pptx,0,2.991,1,0,0,0
561.772,png,0,6.665,0,0,24,0
364.251,dll,0,7.514,4,0,37,0
201.522,dll,0,3.125,0,0,4,0
51.567,bin,0,4.57,3,0,23,0
240.443,exe,0,3.703,0,0,14,0
153.082,bin,0,4.971,1,0,22,0
86.967,png,0,3.581,2,0,10,0
61.374,png,0,3.2,0,0,7,0
192.711,pdf,0,4.797,2,0,1,0
44.149,xls,0,4.063,0,0,21,0
334.151,bin,0,6.869,1,0,17,0
340.829,xls,0,6.549,0,0,57,0
55.045,bin,0,4.381,0,0,46,0
37.879,bin,0,3.046,0,0,13,0
230.956,dll,0,3.843,0,0,1,0
410.389,exe,0,5.038,2,0,17,0
38.264,docx,0,3.639,0,0,11,0
82.738,xls,0,3.634,3,0,26,0
101.82,png,0,4.535,0,0,35,0
124.695,pdf,0,3.469,0,0,19,0
112.323,png,0,3.357,0,0,8,0
195.279,txt,0,3.853,1,0,21,0
441.007,pdf,0,7.049,0,0,38,0
342.098,pptx,0,7.454,7,0,73,0
38.719,dll,0,4.117,3,0,6,0
128.42,dll,0,5.308,0,0,58,0
80.517,pptx,0,3.027,1,0,10,0
225.595,jpg,0,3.626,2,0,15,0
101.648,jpg,0,3.206,0,0,1,0
130.006,jpg,0,5.057,4,0,22,0
663.524,bin,0,3.956,4,0,4,0
1604.568,txt,0,4.479,0,0,3,0
50.19,jpg,0,2.484,0,0,7,0
254.568,png,0,4.926,0,0,31,0
395.569,pptx,0,3.772,0,0,0,0
168.749,txt,0,3.823,1,0,23,0
459.554,docx,0,5.708,1,0,32,0
78.671,pdf,0,4.221,0,0,18,0
433.091,xls,0,6.534,0,0,51,0
1050.534,pptx,0,4.737,0,0,17,0
107.837,exe,0,5.669,0,0,66,0
409.713,xls,0,6.203,1,0,16,0
120.342,pptx,0,5.359,0,0,5,0
465.109,bin,0,3.186,0,0,1,0
45.083,enc,0,4.966,0,0,30,0
147.656,enc,0,3.168,0,0,8,0
27.129,png,0,3.281,0,0,33,0
85.15,png,0,3.694,0,0,5,0
330.847,txt,0,7.219,0,0,34,0
238.696,txt,0,6.605,0,0,69,0
732.507,dll,0,4.875,4,0,17,0
71.6,dll,0,3.675,5,0,18,0
104.112,enc,0,2.855,0,0,10,0
59.521,enc,0,4.086,0,0,14,0
173.882,jpg,0,4.165,1,0,9,0
281.805,xls,0,6.183,0,0,57,0
110.914,pptx,1,3.055,0,0,11,0
158.16,pptx,0,3.89,0,0,3,0
211.424,jpg,0,3.321,2,0,7,0
78.437,bin,0,4.637,0,0,7,0
258.088,enc,0,4.876,0,0,4,0
33.52,jpg,0,3.017,0,0,6,0
797.571,enc,0,4.149,0,0,7,0
19.282,pptx,0,1.959,4,0,11,0
400.456,exe,0,6.309,0,0,3,0
514.299,exe,0,7.103,1,0,40,0
93.561,png,0,2.898,1,0,13,0
47.297,png,0,3.276,5,0,22,0
174.145,enc,0,4.288,0,0,4,0
